1.jpg,255.85402,220.60277,-501.4987,259.24423,211.1557,-487.28845,262.71808,210.63863,-487.1706,266.171,210.16586,-487.269,249.9474,211.64081,-489.51285,246.62067,211.49387,-489.60303,243.43057,211.28505,-489.5898,269.7979,213.72986,-384.07413,237.66713,215.05347,-392.53476,262.26074,229.93288,-459.33768,250.74557,229.93248,-461.78296,298.41132,244.29614,-344.21863,220.52357,249.22205,-345.8619,323.48303,177.81517,-430.13696,196.74783,186.30797,-445.97443,345.01117,105.0245,-507.7255,169.80963,111.7167,-529.87823,353.81693,91.115776,-548.79767,165.02682,95.94949,-564.0522,347.55908,88.50862,-552.0894,171.58029,94.520355,-570.70215,343.55737,93.216446,-518.05005,174.12895,100.24057,-540.09454,285.86484,401.44202,-6.522718,236.11342,403.62845,6.2849364,286.9635,506.39148,49.874447,243.27452,504.93707,76.90193,273.92813,599.78143,263.3407,251.02014,598.30774,291.31894,271.05774,607.6948,278.3048,252.1142,607.13605,306.7675,270.81555,642.08795,150.44482,246.18863,634.3739,190.61798
10.jpg,240.2432,245.72842,-403.41116,242.31732,235.94975,-388.05847,245.43768,235.60242,-387.9915,248.78223,235.36394,-388.06665,234.5953,236.7735,-392.07004,232.08649,236.8932,-392.1216,229.73892,237.11082,-392.0998,252.18747,240.80429,-292.05515,225.1095,243.95274,-309.08875,246.27603,254.56668,-365.13,237.07417,255.51866,-370.19785,278.72537,277.58014,-269.33182,206.70305,282.18463,-280.5065,309.7396,201.09183,-344.13742,182.00534,207.11009,-364.1731,339.3128,123.56418,-420.4724,144.6092,122.02421,-422.01822,350.85507,109.54567,-460.31277,139.86612,104.09087,-446.0843,343.3026,107.519196,-463.1008,148.97275,102.14202,-460.53287,339.5592,111.77289,-431.26257,151.31609,108.56924,-433.97815,256.8258,461.53116,-9.475783,218.85808,457.64807,9.272549,261.88065,569.07465,57.818466,221.40385,571.9387,91.42243,241.63556,680.0311,225.01347,229.56726,674.23553,271.34113,237.50488,689.1565,234.70116,229.4784,682.2183,283.69846,237.84799,726.4518,109.56952,228.8322,720.20996,173.23048
11.jpg,247.50653,222.81471,-388.34048,251.41005,212.47322,-369.22635,255.27927,211.91745,-369.15714,259.04242,211.44939,-369.25888,240.04884,213.28532,-375.34314,236.43956,213.21008,-375.40744,232.99121,213.14705,-375.405,262.64093,214.80354,-256.33005,226.95648,216.14168,-282.60373,254.61008,231.24103,-343.5523,241.55058,231.8046,-351.1386,292.57886,252.51517,-217.16219,202.64244,252.14064,-264.17712,319.85883,179.85406,-267.6761,175.85086,180.29788,-353.39224,339.4364,104.17951,-336.2458,141.77295,95.84927,-412.82397,349.3034,88.86626,-370.12262,134.33623,81.38958,-446.88547,340.29575,86.811676,-376.06836,144.36493,81.10992,-451.36884,335.66003,92.30989,-347.20724,147.98642,86.909004,-421.89224,269.30905,434.35458,8.531298,210.86263,431.16647,-8.697333,267.78772,543.0872,44.34506,208.38692,543.36884,43.398582,241.8062,634.8418,326.43613,219.3924,637.8872,294.62515,235.7539,640.8832,349.63538,219.87276,644.1398,314.16663,238.84814,685.91205,236.76952,220.42554,684.74744,200.98145
12.jpg,253.91634,228.53406,-411.5597,257.3321,217.27048,-392.38263,261.04172,217.01825,-392.29727,264.4775,216.89857,-392.3969,245.84192,217.39474,-397.34973,241.85251,217.10005,-397.41788,238.08392,216.96527,-397.39963,267.11063,221.59578,-280.1328,231.52249,221.23795,-301.45044,261.22183,239.00464,-367.32108,247.56252,238.57019,-373.48294,299.86975,260.1975,-239.89871,208.83217,263.46887,-278.76633,328.5496,183.48508,-293.93695,182.5615,181.91277,-366.43295,350.78546,103.58332,-359.83667,158.30762,100.35003,-422.17072,360.98697,90.37643,-393.5641,154.01732,82.96483,-454.53378,355.13135,86.165,-398.31363,160.5659,81.647255,-457.1432,350.47778,90.65398,-370.3637,162.50352,88.19734,-430.43283,274.13803,437.55154,3.6670468,216.40558,435.2926,-3.8475103,271.82693,546.81024,54.65074,216.27321,549.345,66.58294,252.25871,646.4153,314.0952,226.86453,646.6742,302.22458,245.93095,653.5594,334.9064,226.19885,653.3186,320.33942,247.39462,696.4895,220.59662,225.92421,693.28406,209.44626
13.jpg,249.88214,255.064,-422.35175,252.70683,245.68805,-408.16095,256.32748,245.26064,-408.0965,259.99707,244.98953,-408.20493,243.59184,246.7781,-410.2142,240.7291,246.90814,-410.29074,237.97186,247.0297,-410.27725,263.21957,250.95706,-317.11856,232.65271,252.63547,-324.8968,257.00436,264.38162,-385.88632,246.06096,264.72208,-388.29776,286.28787,287.15637,-298.55832,216.49034,289.26624,-290.56226,319.09888,211.46461,-378.09888,192.31805,209.57059,-365.1982,353.83167,127.42748,-443.36237,154.69406,122.10861,-419.48825,361.82303,114.07672,-481.38416,154.28873,106.33437,-440.97916,357.00504,111.15372,-481.00244,164.16536,106.05324,-454.3538,352.79633,115.540924,-452.23404,165.72122,112.37731,-430.7757,261.10605,461.87668,-14.638573,224.20769,454.7209,14.470864,260.32367,569.7813,52.0204,224.2409,566.71014,103.78527,241.71445,668.4906,208.20667,231.17137,662.99677,274.70386,237.43884,677.43713,217.83372,231.13367,670.8448,287.35638,234.9446,712.513,104.83059,226.94429,704.5316,190.41882
14.jpg,222.36398,246.69414,-421.56168,225.89827,236.45885,-403.7999,229.68732,235.73238,-403.72812,233.37376,235.13608,-403.8324,214.80807,238.38719,-407.79633,211.28674,238.8343,-407.86795,207.81586,239.24562,-407.85138,237.25197,240.34256,-302.01248,201.6503,244.20435,-318.91577,229.99622,255.63972,-382.06445,217.49174,257.35025,-386.7849,266.64383,279.44586,-280.5383,183.52333,287.8883,-293.83002,292.69867,204.61102,-363.30298,157.56465,212.30887,-380.69385,316.20694,125.82502,-442.03265,123.93445,120.95977,-426.51303,326.37088,110.60186,-480.61203,121.95261,105.578156,-453.94098,319.3067,107.60525,-484.3673,133.29785,105.19091,-459.0785,315.45636,112.76017,-452.5066,134.82352,111.03768,-435.22113,252.40271,459.0122,0.41921228,196.70433,456.48203,-0.57165575,248.85847,565.33093,49.04308,196.39426,567.5883,71.36436,230.34117,667.64307,265.2252,209.3582,664.98596,276.5944,225.21968,674.99255,281.25595,208.5314,672.1489,291.26,229.83691,717.775,169.33076,208.74956,713.1061,184.42677
15.jpg,235.80647,239.63759,-408.06433,237.93994,230.51323,-390.52667,240.84059,230.09912,-390.46225,243.75052,229.86453,-390.53375,229.92252,231.70993,-394.79477,227.46571,231.98846,-394.8532,225.13492,232.29564,-394.8421,245.85594,235.42935,-288.34183,219.78767,237.80402,-307.18167,241.56297,247.4743,-368.19556,232.33624,248.22299,-373.66418,270.51425,272.28577,-265.03036,201.25331,273.1008,-283.50424,302.59964,200.0217,-346.29553,178.12865,207.02322,-392.96823,327.2014,120.89586,-417.32516,142.52094,127.61564,-469.82474,336.5307,107.52016,-454.96924,134.16687,111.34771,-499.82,329.66898,103.307236,-459.04733,141.18848,109.22137,-509.84082,325.16885,108.00257,-427.99417,144.71552,115.86114,-480.826,252.96329,443.4615,-4.525427,213.63728,441.15063,4.2923217,257.20343,550.1527,51.983685,217.4457,546.5162,76.327324,239.92,653.5008,228.86253,225.79874,645.81134,260.5078,235.50917,664.0816,239.40504,224.6477,653.9795,272.72974,237.44179,696.48737,114.4873,224.95999,689.0632,159.88356
16.jpg,242.99777,223.22772,-515.2985,246.8218,213.45634,-502.0871,251.14691,213.05617,-501.97656,255.58765,212.61522,-502.09607,234.8815,213.99147,-503.35675,231.2106,214.13356,-503.4418,227.79636,214.2656,-503.4037,261.20047,215.82027,-400.6281,223.91191,217.77592,-404.6926,252.62263,232.47072,-473.88522,238.59477,232.79721,-475.00394,289.88068,248.94275,-367.6031,205.91852,256.8483,-353.96222,317.09872,170.22614,-456.56128,177.84016,183.95041,-428.40268,340.7954,90.001236,-527.8525,145.21588,95.08661,-491.64935,350.49554,76.47875,-569.52997,140.81908,76.43241,-523.6592,347.24176,74.09377,-573.189,146.62857,75.13663,-532.93604,342.4416,79.112366,-538.2965,148.65933,81.64758,-503.18088,271.2893,419.69232,-4.0270844,213.54642,416.78076,3.811584,268.09473,523.19727,76.70191,214.96991,527.4279,87.61557,250.05103,625.0002,286.3943,225.25485,625.9894,298.3002,244.58307,631.6274,301.0163,224.20741,633.904,313.27127,245.53705,674.9815,172.58614,224.48543,673.69604,196.68701
17.jpg,232.29155,233.83672,-470.04214,235.05856,223.689,-454.74347,238.27446,223.1101,-454.65845,241.46124,222.7052,-454.75214,224.42232,224.89926,-460.52,220.73604,225.0397,-460.6153,217.34349,225.25288,-460.61847,243.1033,226.5199,-350.6311,209.51933,229.26366,-375.49414,238.33714,241.50793,-427.94995,226.5069,243.16502,-435.03455,273.77374,258.65796,-311.15067,189.4123,264.28235,-345.86472,301.01965,187.88875,-384.81757,165.6191,192.31902,-441.7092,328.03687,108.145805,-457.9297,135.28705,104.62262,-489.56287,338.20596,94.34815,-495.20435,133.33253,88.43643,-517.296,331.44028,90.74798,-499.71576,141.59329,87.74362,-523.9046,326.36084,95.78777,-469.1599,143.49852,93.93289,-498.28235,254.59459,438.65228,2.2331538,202.29695,433.4632,-2.398867,255.49814,538.69617,81.983734,201.8095,538.802,77.05046,235.32918,640.5953,258.7197,210.44969,639.93225,263.75082,229.85233,647.57806,270.0106,210.9516,647.1372,276.8,231.69023,691.2102,155.27411,210.7576,686.67786,171.24132
18.jpg,233.50311,234.06764,-460.16586,236.90506,223.3804,-445.2238,240.64754,222.82576,-445.12842,244.31439,222.30408,-445.22766,226.16536,224.22704,-447.55246,222.4082,224.11163,-447.61273,218.86116,224.03899,-447.5799,247.67401,225.99358,-342.21747,212.47247,227.86835,-350.31937,240.72687,243.63255,-418.2625,227.90034,243.67953,-420.59866,278.0921,258.0067,-310.10373,194.21461,261.6518,-310.8992,304.94208,187.02664,-390.0251,167.72142,193.83124,-392.39713,323.7426,111.080666,-463.03934,139.88957,114.52084,-455.52652,335.67465,97.59352,-502.66434,134.49321,96.82769,-487.13916,330.01666,94.62705,-506.7802,143.30583,94.83242,-496.11728,325.60602,99.002525,-473.4516,146.07893,101.16434,-466.45547,256.11386,433.74292,-5.360167,204.42407,430.5702,5.1499686,258.87427,534.843,45.940277,205.91801,535.06976,77.418076,239.14769,633.0565,271.95172,215.14894,635.7382,291.80682,233.67044,639.69434,288.43207,215.56136,642.3322,307.35504,235.19699,682.07086,164.95685,213.07854,681.5364,194.66325
19.jpg,232.23553,235.23332,-445.7247,235.79994,224.96133,-430.4023,239.83995,224.40219,-430.3277,243.87608,223.9058,-430.43427,224.12985,225.59369,-435.2049,220.37508,225.5184,-435.23984,216.87393,225.46696,-435.2054,247.68517,228.13715,-324.99762,212.48576,229.77728,-345.68768,240.4204,245.3373,-403.16245,226.94243,245.22978,-409.03223,276.83102,261.90784,-280.89206,194.90335,268.9773,-318.6386,302.70316,186.22583,-344.16788,174.42377,190.53497,-408.54758,324.4917,108.47158,-416.01926,139.78943,102.39324,-463.38666,338.04114,94.560394,-453.98502,132.41193,87.25884,-492.04135,332.96048,90.90949,-458.77365,139.66002,85.51549,-501.7222,327.60748,95.573166,-427.09442,144.04411,91.60807,-473.97125,256.09882,432.8531,10.029392,202.50037,431.3315,-10.161428,255.70856,539.3576,79.78611,205.80511,541.5445,61.550617,234.01393,636.83124,271.45816,208.99559,639.115,259.57614,227.42679,644.7294,284.58243,205.54825,647.2281,273.39584,234.68161,685.70215,167.03436,212.75546,681.77264,157.72086
2.jpg,255.27606,231.13695,-452.16885,258.28833,222.58517,-436.9934,261.41205,222.35083,-436.90747,264.3991,222.18947,-436.98907,249.35564,223.36551,-438.07507,246.48431,223.63988,-438.1341,243.46384,223.90558,-438.0926,267.21973,226.95813,-336.508,237.82936,229.03273,-341.21832,261.19272,240.44728,-412.02142,250.26349,240.89882,-413.46872,291.8687,259.9064,-306.4036,222.47302,262.351,-300.0902,317.98404,195.26874,-382.3779,197.27083,198.09256,-378.8031,342.68988,116.12325,-455.2748,163.36298,114.50914,-436.94534,351.9551,105.4412,-493.22205,157.99384,100.62787,-464.91916,345.1723,102.55651,-497.84662,171.57062,100.53549,-473.47638,341.12027,105.87747,-465.68024,174.37749,104.932884,-446.8249,271.74884,418.93933,-11.273108,234.46541,418.63348,11.057174,278.09253,518.763,51.7028,242.47937,517.09216,90.892685,261.40738,615.84406,210.2782,247.661,611.35895,269.8788,256.64777,627.29004,219.74817,246.42406,620.14014,282.50528,258.8739,658.47107,98.128876,244.8402,652.4845,177.23637
20.jpg,240.34944,220.40858,-493.57608,243.77443,209.6398,-476.68893,247.44841,208.94162,-476.5956,250.9624,208.37502,-476.7033,233.11024,210.65599,-483.2348,229.45601,210.527,-483.31805,225.92233,210.41963,-483.29196,254.7254,212.12099,-360.74774,219.54155,214.42268,-389.45654,247.66492,228.99837,-446.7036,235.25844,229.8777,-454.9514,282.85297,246.96469,-310.82724,199.01317,250.89975,-363.8415,312.4836,173.44878,-395.4606,172.8698,183.19019,-495.91016,335.32172,95.96849,-486.57657,145.18741,100.69107,-589.0841,344.793,82.682594,-527.3774,138.62062,81.42706,-626.90405,338.49127,78.62449,-531.1922,146.82365,81.39057,-631.20215,334.49387,83.347374,-497.91418,150.00833,88.943756,-598.65094,256.47766,421.88016,11.155157,207.88837,418.49985,-11.401754,259.30862,529.17303,59.547646,209.53668,531.01965,56.618828,241.42307,627.74884,306.06747,216.96254,627.8465,294.2692,234.82306,635.1334,324.68674,214.69655,635.3166,311.94724,237.76459,676.2992,198.68452,217.86061,672.90875,188.36227
21.jpg,255.2173,222.89992,-418.86542,259.56726,213.41284,-399.7527,263.1463,213.15192,-399.65997,266.8094,212.9498,-399.7427,248.97603,213.89363,-404.5279,245.4347,213.9795,-404.59192,242.16222,214.1458,-404.581,269.85553,217.7079,-288.98508,234.68642,220.53465,-309.8853,261.81696,231.99872,-375.46167,249.43076,231.94978,-381.5198,297.0351,256.41812,-254.68378,210.99063,255.40323,-284.24792,324.2295,187.77939,-316.5042,186.47993,190.42554,-369.93008,347.57,108.18773,-386.9574,161.14166,106.76181,-424.80273,358.42548,96.74319,-422.1584,157.52905,92.46188,-456.12744,349.84778,93.29846,-427.06714,166.78159,92.36103,-460.7112,344.60513,97.32894,-397.45493,169.25816,97.64499,-433.0319,269.22635,434.62857,1.9698843,217.99486,430.735,-2.2072551,267.847,537.8654,61.405228,219.09015,540.36505,83.13805,251.72049,632.67694,303.95258,227.60657,638.74347,307.43073,245.7078,640.0916,323.0045,226.43791,647.87946,324.27893,246.48273,682.51996,206.57562,228.07909,684.4789,212.04614
22.jpg,252.98375,240.63258,-419.98486,256.32224,230.068,-403.4836,259.84674,229.61653,-403.40366,263.19684,229.2436,-403.50583,245.79866,230.05118,-411.52524,241.90152,229.55524,-411.57275,238.08243,229.06967,-411.55225,264.78674,232.41237,-290.54172,230.27927,231.82527,-326.95685,259.51523,249.74997,-373.88766,246.31082,248.7611,-384.3698,290.77402,266.6862,-240.5539,205.93225,265.21683,-306.2235,322.7852,196.7646,-294.9759,184.81317,198.26823,-425.36707,342.62793,117.006905,-366.32373,159.5258,119.43696,-508.50604,350.2134,102.5559,-400.64935,154.6485,103.916405,-541.4529,347.0648,100.07611,-406.82257,157.86732,102.571236,-545.94495,344.1019,104.3587,-377.65176,160.72714,108.48986,-517.3793,265.11856,439.7761,14.808404,214.8318,436.45773,-14.96745,268.24942,546.50165,73.25998,217.06563,547.7504,50.402996,246.05592,648.71155,283.95465,222.40137,647.08075,261.50854,239.28874,656.07666,299.28757,220.86282,654.4363,276.68542,246.35553,696.7111,184.25674,221.332,687.5874,160.82527
23.jpg,259.34244,250.4094,-455.51593,262.37228,239.68132,-438.8326,265.6387,238.96806,-438.75342,268.71564,238.49144,-438.85608,253.15999,240.72443,-444.80804,250.19254,240.74132,-444.8645,247.19173,240.77194,-444.83646,271.5569,242.51674,-329.8353,240.26218,244.76619,-355.6263,265.77878,258.73203,-411.54034,254.08801,258.78244,-418.9847,300.38956,276.01886,-289.1328,218.52345,281.15298,-321.35364,324.53802,204.72095,-355.5137,191.7819,211.00453,-414.09628,350.1357,128.58205,-428.5125,161.89398,132.09961,-475.1445,357.50027,115.5114,-466.3212,155.67014,116.22381,-505.43558,351.96997,111.864555,-470.86444,161.26747,114.118034,-514.0098,348.9579,115.99833,-439.5776,164.71085,119.887276,-485.26996,279.69788,447.23254,3.49591,228.40428,445.65335,-3.6947834,281.35727,555.3107,66.47478,228.49371,558.7089,74.72005,265.27704,653.78955,275.09326,239.65286,655.5536,280.96075,260.2068,661.45447,289.46964,240.45462,663.19073,295.23685,261.7974,701.12274,165.15863,239.31042,697.46106,177.14313
24.jpg,234.12354,217.28514,-501.67465,236.9098,207.91064,-484.4367,240.45352,207.4359,-484.34634,244.03899,207.13434,-484.4355,228.03667,209.40987,-487.45468,224.96902,209.84657,-487.55023,222.10762,210.3528,-487.5219,247.06696,213.25679,-373.87436,216.12929,217.53479,-386.2167,240.29597,226.09982,-457.9045,229.94815,227.45824,-461.61652,275.78656,250.84534,-343.6153,199.01416,255.27888,-346.04993,304.28098,176.37085,-438.54498,175.86865,182.68515,-452.0944,323.64606,98.12357,-523.726,139.77914,95.596855,-542.9585,337.86295,83.3135,-568.0627,132.3602,80.95013,-578.4855,329.78424,82.46814,-572.2928,141.67937,79.43425,-589.8033,323.209,88.203514,-534.846,145.4933,84.93793,-555.3845,254.81793,424.96896,-7.505494,210.46335,421.27377,7.2383246,255.28027,535.3565,76.99879,215.07347,532.79535,95.89406,235.56282,640.6989,270.4968,221.65189,635.9752,304.62015,229.36977,649.7466,282.48163,218.93253,644.1654,319.12402,233.1149,684.76874,144.27231,222.56927,680.5079,196.24672
25.jpg,225.3775,198.5429,-498.27118,228.14987,187.51816,-479.32605,231.62659,186.85506,-479.23154,234.98007,186.43996,-479.3363,217.71135,188.89078,-485.11996,214.3669,189.07811,-485.17834,211.06978,189.30658,-485.14258,237.41779,190.84044,-361.29846,204.08914,194.60405,-386.6276,232.2809,207.12279,-451.3263,220.09325,208.4095,-458.63303,268.78513,227.49103,-314.52606,183.71977,232.30052,-357.11618,295.51566,154.61794,-389.62814,158.02388,159.83878,-465.85184,316.2739,77.4835,-465.40106,131.0523,76.46092,-536.4281,326.0257,62.553932,-505.63614,126.67916,61.093433,-571.3819,318.1254,60.061493,-509.57913,136.69414,60.678635,-576.5885,313.13605,65.04553,-476.37518,139.60225,66.385086,-545.545,252.80222,402.19324,9.536693,198.39795,399.28143,-9.756177,251.32083,512.32745,66.97932,205.57687,512.08966,59.298347,233.20009,613.7796,274.26785,208.83601,613.8028,275.4547,226.10982,623.8035,288.193,206.74652,623.72,290.26236,234.0465,660.5633,157.64827,211.4874,655.5669,165.41348
26.jpg,226.05313,220.05475,-479.69525,228.6185,211.0118,-464.0846,232.27452,210.70282,-463.99475,236.19513,210.48009,-464.08972,219.63564,212.0776,-466.19937,216.44,212.37778,-466.26154,213.53052,212.76279,-466.22382,240.16731,216.19724,-360.04913,207.36249,219.71333,-368.33487,232.88107,228.71074,-437.99884,222.33612,229.75407,-440.42615,271.2537,249.04997,-330.5718,188.83316,255.16318,-324.9833,297.52063,175.16249,-416.78662,160.92143,180.40742,-401.14554,320.45248,96.310715,-492.34268,132.45526,99.74051,-458.58246,328.53894,81.93317,-533.4315,125.79131,83.98151,-487.67108,324.51392,80.60115,-537.1559,134.40686,82.86305,-497.25226,320.78244,85.32124,-502.5548,137.73389,89.4624,-469.09723,254.19473,424.2323,-5.08037,204.44115,419.36115,4.8810425,254.23259,532.36926,49.767754,207.0182,531.0462,71.61788,236.86261,638.0036,217.81743,216.95901,637.6977,252.80806,231.78609,646.2957,227.66408,216.31918,646.69183,264.26727,234.66052,684.2426,96.97645,217.32976,681.6608,146.80708
27.jpg,228.71036,201.72205,-436.04324,229.81949,191.66516,-425.59674,232.17526,191.33316,-425.5152,234.7576,191.10875,-425.61697,224.00772,192.13574,-427.9518,222.09866,192.05705,-428.02466,220.21782,192.04008,-428.01105,237.38115,196.1325,-343.4541,215.95874,197.70367,-354.07733,233.71503,210.97008,-402.29822,226.78041,210.99448,-405.46228,261.62228,232.76842,-324.43204,200.72513,233.55006,-316.25726,290.3595,157.81656,-403.285,175.36124,165.53178,-392.2449,324.78436,78.3835,-484.46936,132.44397,80.03941,-454.84296,332.03467,64.16597,-527.7982,123.40161,60.04613,-479.13995,329.62515,62.29509,-529.69836,132.8,59.150776,-497.63364,325.9865,66.72759,-494.4548,136.44672,66.697556,-468.28226,248.48085,409.47147,-13.232725,219.60713,404.59705,13.084916,245.54709,514.06335,72.54371,223.89108,512.3459,119.98275,232.08524,615.08966,234.1542,226.15627,609.49817,315.65598,228.6641,622.3608,244.53455,224.8589,616.07477,330.98718,227.90625,658.3956,132.53348,225.03319,649.07855,236.26251
28.jpg,234.88277,188.6009,-452.92,238.58823,179.43488,-436.05447,242.43227,179.10031,-435.9721,246.13086,178.88821,-436.09424,227.20325,180.48265,-441.58875,223.41173,180.73056,-441.65854,219.76134,180.99945,-441.6349,249.73085,185.1912,-327.5182,213.69167,186.28333,-351.85382,242.87172,198.39471,-409.3192,228.94077,198.63809,-416.33377,278.02103,216.06288,-297.1598,194.61224,220.60655,-313.27426,304.74872,139.75876,-367.77487,170.42253,145.18933,-391.36588,331.28592,53.5807,-437.5233,137.48645,58.523907,-446.36014,340.45306,38.10301,-477.17712,132.9659,41.81127,-474.0313,335.30496,35.69561,-478.84714,141.77994,40.656616,-482.19385,330.78586,40.70077,-447.18634,144.3647,46.780125,-456.2925,256.69986,392.85846,-1.3901772,205.43364,390.67053,1.1851209,261.90286,496.03568,63.875687,208.76604,501.66245,93.70029,238.32921,591.8356,315.9556,217.604,593.6612,328.7107,232.98798,596.9029,336.6589,216.49579,600.32874,347.77768,236.6691,636.1027,232.55144,219.21329,632.86743,245.58638
29.jpg,227.53752,205.06221,-389.5722,228.67279,196.57549,-383.76538,230.77597,196.5212,-383.7283,233.08778,196.63553,-383.82007,223.55888,197.32643,-379.67264,221.9748,197.61163,-379.75378,220.47101,197.96967,-379.74332,236.0964,204.27774,-325.55905,218.00008,205.16522,-307.97992,231.7228,214.4849,-365.21274,225.88277,214.47678,-360.30212,257.5504,240.19427,-330.55728,206.9689,242.05376,-265.97366,281.13968,166.96037,-430.34625,186.55374,170.47762,-316.24512,321.93524,84.94659,-504.28763,133.60669,81.30193,-380.48224,313.67664,69.685814,-549.7517,129.1076,64.14695,-402.4585,312.91855,67.88106,-546.4356,142.14297,64.66479,-421.67618,309.37384,73.15974,-510.91415,145.15356,71.80632,-394.2148,241.57416,415.44366,-23.340267,221.73802,411.16385,23.068928,236.36198,521.6817,21.30699,218.98497,520.65344,102.01949,225.40877,629.3256,162.84268,222.53653,623.5066,279.4851,220.86516,640.42053,170.92996,220.1106,632.4109,292.0705,226.83716,672.5651,61.38766,224.91232,663.39935,196.61653
3.jpg,246.03012,217.02423,-464.93576,250.18329,206.44907,-448.0735,254.129,206.07788,-448.00235,258.02557,205.88266,-448.11975,239.53345,206.89926,-453.05667,236.0108,206.7174,-453.1222,232.83798,206.53423,-453.09393,262.5506,211.23076,-339.23993,228.36818,210.94594,-360.20303,253.90549,226.2247,-421.55423,241.04118,226.4572,-427.49808,291.761,248.36316,-298.64682,207.17926,251.43866,-330.866,318.62262,172.17996,-369.4214,186.2389,173.26129,-424.0209,343.11047,94.39599,-446.49448,147.62529,79.78816,-484.4909,352.65207,78.44185,-486.68445,137.86298,60.212524,-516.2327,346.85205,75.20945,-491.74335,145.54985,58.951424,-526.7039,343.18747,80.82145,-458.27158,150.07481,65.92527,-496.1911,268.68054,421.5037,6.979982,215.99387,417.8076,-7.14013,267.58182,526.6632,89.61105,213.54332,526.5556,75.86685,245.44438,624.2307,302.65396,222.14503,621.64856,294.38266,239.65375,633.8706,317.31787,220.38327,630.1568,309.74744,244.44632,673.51935,193.63284,220.52802,666.00916,189.6548
30.jpg,234.56827,206.87787,-459.74515,238.58191,196.99739,-444.59396,242.58173,196.45049,-444.49564,246.42366,196.0783,-444.58902,228.29726,198.06866,-445.98932,225.13876,198.11551,-446.0266,222.16492,198.19722,-445.9898,249.4539,201.45522,-345.81873,216.94696,203.58727,-350.4715,241.58174,216.08063,-420.30365,229.49199,216.43086,-421.67374,274.92438,238.54266,-326.97458,197.71808,238.53836,-306.20935,303.70157,166.8751,-427.28452,172.66542,168.28256,-390.21112,332.11096,87.83272,-523.6418,137.48755,80.22431,-461.33978,346.00266,70.4694,-571.3904,135.14227,63.054577,-490.25436,338.2335,68.971725,-573.0545,147.08786,63.262737,-501.45413,332.35083,74.94629,-534.45447,149.13821,69.78555,-472.3242,259.28723,415.90594,-16.773983,208.46202,409.255,16.650663,253.90532,519.41473,65.01589,210.61923,520.60974,115.02199,241.47989,622.0064,241.77386,220.2182,619.54535,306.35608,238.95038,630.0288,253.7138,219.04144,629.4254,320.77173,233.81148,665.91364,131.17197,217.02423,657.84357,214.37975
4.jpg,241.38293,232.26993,-461.97168,245.96083,222.23122,-448.27158,249.9751,221.9526,-448.1942,253.8555,221.77786,-448.3129,235.05905,222.44232,-451.00198,231.7301,222.10593,-451.09747,228.46873,221.71942,-451.0859,259.43463,225.17688,-351.00928,224.0714,224.33038,-360.93942,249.4748,241.01851,-422.2768,236.55296,240.88173,-425.0886,289.89328,254.7534,-323.4762,202.50217,260.36942,-322.78345,314.4941,180.85216,-407.57,180.1935,185.87987,-412.8609,340.36984,105.66896,-482.85175,148.42978,94.79778,-477.23788,349.62817,87.93106,-525.2366,141.90508,75.98417,-506.84183,342.30872,84.097466,-527.84143,151.68352,74.64347,-518.39545,338.34393,90.44241,-493.42334,154.84355,81.74994,-489.01715,267.16336,429.5883,-10.395809,214.78036,429.13702,10.231793,265.53882,533.6311,45.344044,208.62933,538.2012,100.49097,244.42674,637.1328,235.85619,223.7311,630.67834,292.2628,240.76189,644.72125,248.63068,225.34763,636.65857,306.11914,238.8194,686.4095,132.12337,219.20445,675.0005,206.68448
5.jpg,243.8758,205.23993,-396.41974,247.0505,194.79451,-377.48175,251.01926,194.29778,-377.41934,254.9021,193.88943,-377.54846,236.27246,195.42662,-384.43777,232.42915,195.26752,-384.48312,228.85567,195.101,-384.4547,257.66794,198.36917,-266.85052,222.76624,199.506,-296.9874,251.63896,215.21887,-352.56372,237.8513,215.05458,-361.14215,289.2629,236.23228,-229.99423,198.19174,238.65868,-275.72003,322.2766,160.14223,-284.8099,173.33192,160.19638,-366.92413,347.5443,72.99528,-357.94214,140.76666,71.49563,-421.92752,356.9938,57.924896,-394.28946,134.63156,53.149475,-450.84625,350.8168,54.825676,-399.99915,140.45969,49.992565,-457.2004,346.36768,59.359543,-369.46664,143.43982,56.230694,-431.44116,264.4663,420.54587,7.9883375,211.15749,418.37982,-8.101044,270.06375,531.326,44.178753,211.75906,540.53687,55.634144,250.48979,631.25275,275.84317,225.51804,634.8826,271.03354,245.72508,635.36444,293.5325,225.55843,638.45337,287.12033,247.27556,684.17365,181.69876,227.7519,684.8338,177.986
6.jpg,221.35313,206.00203,-331.04565,224.39424,196.09715,-311.4465,228.06693,195.39427,-311.42438,231.808,195.0357,-311.5044,215.66367,198.60178,-312.15317,212.9704,199.32956,-312.2061,210.50151,200.19728,-312.21863,237.17671,201.5135,-212.6206,207.3593,207.81949,-214.61487,228.82008,213.79631,-294.2454,219.07802,216.36693,-294.6988,273.67834,246.07451,-203.0813,189.22871,254.57079,-199.04436,301.06116,170.1819,-282.33633,159.37068,182.75261,-277.2752,323.73154,92.562256,-366.18588,122.35235,95.61232,-337.70578,332.57452,79.33246,-404.7663,112.94376,77.52912,-367.9588,323.7081,76.3718,-410.27777,122.20495,76.160515,-374.49146,319.79837,81.2303,-377.1323,126.94241,82.85991,-347.61362,255.44803,437.42374,-2.8749917,201.60397,433.20517,2.7173855,253.84329,546.39435,53.61916,203.50363,546.0848,72.40014,236.67503,647.6753,295.86362,215.20401,646.56915,298.4381,231.62122,655.6489,314.4293,214.87888,653.5752,315.26352,233.0348,698.17554,195.86914,218.61096,695.9285,200.05542
7.jpg,231.40298,217.26523,-400.10892,235.03848,205.46732,-381.80466,239.06766,204.8264,-381.74222,242.9589,204.35066,-381.84738,223.6817,206.82573,-385.9455,220.1537,206.95079,-386.01373,216.6865,207.12355,-386.01514,246.85916,208.94725,-275.51596,211.27174,211.38132,-293.17154,239.89484,227.23508,-358.48645,226.54001,228.35017,-363.4443,280.68985,248.34738,-249.66539,190.03355,256.36197,-272.35632,309.49503,170.58966,-317.8431,162.59814,175.77731,-364.05725,335.18665,85.392006,-393.89447,126.40583,82.45397,-420.4555,345.34406,70.128494,-432.71533,120.931694,65.142654,-451.97495,337.01233,67.59157,-436.78195,131.8618,64.679054,-456.2089,331.84302,73.32763,-405.07584,134.59018,71.18397,-429.3383,261.5435,439.77234,-1.8612432,207.30284,435.26315,1.7116404,261.1419,541.74884,90.93527,205.98102,542.17737,115.027725,244.08597,644.453,351.12433,222.89398,641.2989,354.08273,239.73141,650.21484,372.46924,224.09908,646.9046,373.90436,237.73087,697.00934,268.3184,222.07562,691.56586,276.2137
8.jpg,230.2716,220.94394,-423.45062,233.43852,210.03653,-407.29773,237.12988,209.28175,-407.22885,240.83156,208.76204,-407.31946,222.85944,211.92784,-408.9889,219.59924,212.29005,-409.07053,216.53357,212.66263,-409.05612,243.5806,214.70454,-308.58798,211.51137,218.10234,-316.0542,237.09262,229.22095,-384.66418,225.41043,230.78833,-386.75052,274.31326,253.47916,-284.4004,192.61966,257.12677,-285.43143,302.43396,177.38191,-363.80942,165.46608,183.00226,-368.95084,336.3993,92.78667,-436.6386,127.03511,86.78992,-426.60028,349.58942,76.62927,-476.33908,121.49251,69.56795,-452.96063,342.13492,73.82195,-480.71927,133.87642,68.46811,-461.79263,335.89615,79.7839,-447.8294,137.55902,75.535835,-436.58075,258.48456,438.91177,-7.409445,209.41888,434.92474,7.2367363,256.08893,547.0447,77.98332,211.46521,548.0195,101.5032,236.13478,654.32056,254.94748,218.96933,648.8218,288.70193,231.05215,662.87146,266.7353,218.39207,655.1645,302.31723,233.4996,706.4414,153.23538,221.68347,699.2592,200.35168
9.jpg,234.86284,225.88594,-389.1375,238.14862,215.8163,-370.74292,241.58054,215.56755,-370.67664,245.04659,215.59215,-370.73587,229.08054,217.43156,-372.0224,226.3001,217.96722,-372.07175,223.59366,218.5745,-372.07034,249.00313,223.36937,-266.06296,218.56255,226.82104,-270.1497,241.24724,235.89624,-348.4432,230.69722,236.70753,-349.62006,284.0697,267.2391,-242.65045,198.8912,270.18146,-243.44804,315.50394,192.30081,-321.99905,169.37701,194.2728,-323.67276,341.31213,112.00314,-407.8959,135.20491,105.044556,-390.21478,349.6125,97.61442,-449.10074,131.6148,87.38776,-420.0442,341.6624,93.9348,-455.31824,142.34538,85.75831,-428.26016,337.90717,99.47352,-419.43234,144.97742,92.38048,-399.93073,261.12393,447.98813,-7.330081,210.66397,444.93634,7.1742063,263.92514,568.1484,40.203884,207.05894,567.31726,75.9707,241.3363,677.5973,234.44655,219.93288,673.40295,266.44247,235.37689,685.81396,246.98518,217.97162,679.78406,278.88422,236.90773,729.12054,116.685684,219.30939,722.3294,159.18811
