1.jpg,251.77814,87.32757,-41.85964,255.97452,82.131485,-26.306196,258.9159,82.33265,-26.338821,261.95514,82.8272,-26.463566,247.87563,83.25461,-23.789242,245.4986,83.99105,-23.750675,243.20009,84.889,-23.801373,266.81757,90.25388,45.074417,239.5673,93.01836,55.041935,258.53775,95.900314,-16.658813,248.47948,95.9714,-13.80061,301.53033,146.60074,78.99107,216.23308,142.36375,79.53649,355.56317,191.30994,6.742648,159.09747,186.08493,-2.0446277,340.06274,123.30001,-80.760635,162.89043,119.27417,-126.30002,343.4997,108.66911,-99.123474,156.37381,104.696205,-153.01785,337.8725,108.08944,-80.319534,164.5703,103.35828,-136.66197,333.42642,114.58073,-76.12202,169.18367,108.3432,-124.326225,278.215,276.6589,0.81348264,230.46777,275.2907,-0.8781491,276.39865,389.40326,-34.16655,226.89114,390.1284,-32.349277,259.15564,493.0482,34.608807,234.78738,497.5498,53.895382,254.39249,505.59695,37.476547,235.37904,507.06598,59.641136,259.73578,532.57635,-53.72965,235.88873,531.21295,-27.685297
10.jpg,231.27179,86.54957,-54.42822,235.79959,81.26123,-40.25421,239.24841,81.335754,-40.3059,242.68004,81.60439,-40.407196,227.27646,82.15123,-38.098392,224.59157,82.86336,-38.07702,222.09119,83.74381,-38.178776,248.12917,85.88933,33.75098,217.80417,89.82385,43.57304,238.0668,93.65194,-27.58765,227.62906,94.13101,-24.690691,284.48022,146.75305,75.79884,190.9543,140.80414,66.43023,338.44092,196.46063,-4.3930445,123.72518,183.06558,-12.297679,327.84155,124.03869,-121.11197,129.23824,110.46874,-132.60524,336.22424,108.59359,-142.05238,128.08284,99.12052,-159.68036,326.93692,105.343605,-130.56618,139.4099,95.67052,-144.24637,319.2794,111.185974,-120.174324,142.84125,100.395584,-130.96,254.35397,295.88797,0.5922928,200.68079,293.60645,-0.64180875,247.91977,423.6776,-24.058493,185.53494,420.84116,-46.96988,228.02403,546.2928,-15.816139,189.87521,537.3974,-25.289421,222.04298,549.7312,-20.862103,192.81363,552.0248,-27.486738,225.5352,591.2618,-118.84693,176.36894,570.31055,-121.47966
10a.jpg,231.27179,86.54957,-54.42822,235.79959,81.26123,-40.25421,239.24841,81.335754,-40.3059,242.68004,81.60439,-40.407196,227.27646,82.15123,-38.098392,224.59157,82.86336,-38.07702,222.09119,83.74381,-38.178776,248.12917,85.88933,33.75098,217.80417,89.82385,43.57304,238.0668,93.65194,-27.58765,227.62906,94.13101,-24.690691,284.48022,146.75305,75.79884,190.9543,140.80414,66.43023,338.44092,196.46063,-4.3930445,123.72518,183.06558,-12.297679,327.84155,124.03869,-121.11197,129.23824,110.46874,-132.60524,336.22424,108.59359,-142.05238,128.08284,99.12052,-159.68036,326.93692,105.343605,-130.56618,139.4099,95.67052,-144.24637,319.2794,111.185974,-120.174324,142.84125,100.395584,-130.96,254.35397,295.88797,0.5922928,200.68079,293.60645,-0.64180875,247.91977,423.6776,-24.058493,185.53494,420.84116,-46.96988,228.02403,546.2928,-15.816139,189.87521,537.3974,-25.289421,222.04298,549.7312,-20.862103,192.81363,552.0248,-27.486738,225.5352,591.2618,-118.84693,176.36894,570.31055,-121.47966
11.jpg,236.44273,93.01867,-60.22217,241.20818,88.686966,-44.582615,244.18527,89.0926,-44.659313,247.2256,89.71256,-44.78548,233.66779,88.5881,-43.37812,231.37729,88.87441,-43.374702,229.30232,89.26351,-43.47264,251.54385,95.27496,29.30287,225.71808,94.9092,33.41941,241.06204,100.109825,-34.04745,232.82663,99.033844,-32.809376,284.50284,151.69455,64.300644,192.58965,147.05415,54.804707,335.98956,204.41747,-22.240454,131.85188,193.84605,-28.01803,328.77835,134.16664,-138.78679,132.22687,124.432495,-156.97607,335.70047,120.76137,-160.86871,128.4221,111.38885,-184.70859,327.56793,118.21811,-147.98001,141.00757,108.97774,-171.89986,321.48828,122.49192,-137.9247,144.87485,113.45324,-156.34363,254.58981,295.03323,-1.0271152,206.0113,294.10968,0.9691686,241.8339,414.26566,-13.368695,198.55777,415.8275,-38.872616,223.65224,520.75616,21.87877,202.84532,527.9803,2.0899706,221.29384,535.1136,20.163927,205.13223,543.45233,1.9798107,216.45439,555.1473,-71.87966,193.8654,558.2007,-91.20376
11a.jpg,236.44273,93.01867,-60.22217,241.20818,88.686966,-44.582615,244.18527,89.0926,-44.659313,247.2256,89.71256,-44.78548,233.66779,88.5881,-43.37812,231.37729,88.87441,-43.374702,229.30232,89.26351,-43.47264,251.54385,95.27496,29.30287,225.71808,94.9092,33.41941,241.06204,100.109825,-34.04745,232.82663,99.033844,-32.809376,284.50284,151.69455,64.300644,192.58965,147.05415,54.804707,335.98956,204.41747,-22.240454,131.85188,193.84605,-28.01803,328.77835,134.16664,-138.78679,132.22687,124.432495,-156.97607,335.70047,120.76137,-160.86871,128.4221,111.38885,-184.70859,327.56793,118.21811,-147.98001,141.00757,108.97774,-171.89986,321.48828,122.49192,-137.9247,144.87485,113.45324,-156.34363,254.58981,295.03323,-1.0271152,206.0113,294.10968,0.9691686,241.8339,414.26566,-13.368695,198.55777,415.8275,-38.872616,223.65224,520.75616,21.87877,202.84532,527.9803,2.0899706,221.29384,535.1136,20.163927,205.13223,543.45233,1.9798107,216.45439,555.1473,-71.87966,193.8654,558.2007,-91.20376
13.jpg,235.221,90.01439,-55.886883,238.69789,85.29194,-39.27921,241.07071,85.408844,-39.33678,243.71764,85.644066,-39.45884,232.68611,86.18207,-34.931423,230.89429,86.811676,-34.9021,229.2591,87.51365,-34.9629,248.92822,92.56099,33.273106,226.85544,94.80449,51.893417,239.28343,97.56849,-30.851004,232.5092,98.29861,-25.429947,283.46402,151.97038,63.11187,198.32796,147.4818,78.99485,337.79147,204.70753,-23.903234,135.28397,191.5621,4.759005,329.45157,134.70822,-120.281425,132.08011,119.79438,-118.74079,336.86285,120.42318,-140.8751,125.373375,104.60411,-145.20778,331.48248,117.694496,-124.18329,139.67065,103.67849,-133.4949,325.37457,122.350945,-117.51165,143.68292,108.63699,-119.31088,249.50232,293.14767,-13.294243,213.38126,293.2598,13.3096075,228.10893,413.55713,-37.36746,212.7079,411.99496,-31.885569,217.53844,520.8382,-11.540289,206.37311,523.0656,4.00334,215.68796,535.3331,-14.3516,210.52809,538.3448,3.7632604,209.41995,552.67114,-112.89648,194.8412,550.96356,-88.720276
13a.jpg,235.221,90.01439,-55.886883,238.69789,85.29194,-39.27921,241.07071,85.408844,-39.33678,243.71764,85.644066,-39.45884,232.68611,86.18207,-34.931423,230.89429,86.811676,-34.9021,229.2591,87.51365,-34.9629,248.92822,92.56099,33.273106,226.85544,94.80449,51.893417,239.28343,97.56849,-30.851004,232.5092,98.29861,-25.429947,283.46402,151.97038,63.11187,198.32796,147.4818,78.99485,337.79147,204.70753,-23.903234,135.28397,191.5621,4.759005,329.45157,134.70822,-120.281425,132.08011,119.79438,-118.74079,336.86285,120.42318,-140.8751,125.373375,104.60411,-145.20778,331.48248,117.694496,-124.18329,139.67065,103.67849,-133.4949,325.37457,122.350945,-117.51165,143.68292,108.63699,-119.31088,249.50232,293.14767,-13.294243,213.38126,293.2598,13.3096075,228.10893,413.55713,-37.36746,212.7079,411.99496,-31.885569,217.53844,520.8382,-11.540289,206.37311,523.0656,4.00334,215.68796,535.3331,-14.3516,210.52809,538.3448,3.7632604,209.41995,552.67114,-112.89648,194.8412,550.96356,-88.720276
14.jpg,247.91505,77.17679,-68.931114,252.16592,75.34915,-51.548664,255.36426,76.065346,-51.57913,258.4704,77.0769,-51.704147,243.15474,75.66569,-49.083298,240.21332,76.46935,-49.057682,237.5875,77.42776,-49.103317,261.79327,85.31387,26.312416,231.51811,86.85488,36.746357,254.01135,85.15461,-41.65749,244.17046,84.214874,-38.651215,295.77353,141.73184,64.70853,205.82849,135.74521,67.05937,351.52753,196.25056,-17.71969,142.06206,184.42918,-21.869228,339.8446,126.5335,-123.515854,144.51129,113.74521,-160.7154,345.1039,111.15087,-145.75832,141.83705,101.244804,-190.92502,338.40393,108.410706,-127.36915,151.11662,98.38429,-173.74615,333.16388,113.86973,-119.877144,154.24014,102.56319,-159.07944,267.3624,280.28604,-4.7617793,216.77,276.6372,4.695356,257.42758,401.56107,-24.367031,204.68428,398.79352,-22.057795,231.8459,500.9547,68.81691,207.48859,503.8125,64.43913,226.95634,510.0334,73.3837,208.29005,511.73508,69.67739,228.6842,540.89844,-25.987326,207.21042,539.5355,-25.225454
17.jpg,238.19182,81.11345,-43.250484,241.24194,78.34465,-26.758053,243.70128,79.00054,-26.794067,246.36177,79.93439,-26.902483,235.23207,78.139915,-22.351662,233.33987,78.41474,-22.33323,231.52838,78.88818,-22.384192,251.2597,86.499054,44.806297,228.39764,85.26502,64.70084,242.79128,88.43205,-18.867374,235.69623,87.30903,-13.249313,287.53302,136.88264,73.405205,195.62936,136.61646,96.3913,345.21054,182.31543,-17.201563,136.265,177.45033,31.834606,330.77646,114.91148,-110.367676,139.77603,107.493835,-62.67861,336.95926,98.39236,-129.4177,137.46515,90.31946,-88.77227,330.16202,94.25325,-112.07091,146.86444,86.14695,-68.96767,324.44586,101.207886,-107.23795,149.9113,92.81032,-60.69469,260.4065,278.82028,-11.912324,212.31241,278.03424,11.865258,251.19124,392.5937,-17.196547,202.63394,394.23596,-21.254862,233.26625,497.65762,29.599949,211.24355,502.21484,26.299438,229.75334,508.07715,29.222666,213.25157,513.5598,26.93077,225.11575,527.7282,-71.56865,204.10638,529.9661,-67.32032
19.jpg,228.09308,84.96379,-61.80462,231.36234,81.17721,-44.49878,234.49564,81.34484,-44.546204,237.80453,81.75839,-44.659454,224.06593,81.76573,-42.037197,221.8492,82.211685,-42.013153,219.847,82.80821,-42.067837,243.8527,87.16401,34.139755,216.20155,89.239784,44.049442,234.24982,91.41815,-33.982788,225.77336,91.024124,-31.117205,276.8079,140.54025,72.00889,187.8169,136.9102,71.3137,330.01825,188.9317,-25.758175,128.54834,180.92186,-21.20604,321.17352,123.22048,-147.86404,128.09532,111.92136,-162.31499,325.21423,107.38012,-171.41664,124.14188,95.90701,-191.7136,318.04346,104.828575,-154.25664,135.69077,93.546196,-176.38554,313.45282,110.1978,-145.54324,140.02428,98.714485,-161.43521,245.05629,271.9047,-3.2339616,203.54121,272.1806,3.1632926,232.97783,388.6041,-15.03552,200.45773,390.67554,-33.062054,217.30495,492.58496,33.868645,200.82251,495.89407,26.652147,214.0946,503.65018,33.78344,200.86545,506.7968,28.733576,213.5236,528.9038,-65.6073,196.1639,528.6895,-69.084145
1a.jpg,251.77814,87.32757,-41.85964,255.97452,82.131485,-26.306196,258.9159,82.33265,-26.338821,261.95514,82.8272,-26.463566,247.87563,83.25461,-23.789242,245.4986,83.99105,-23.750675,243.20009,84.889,-23.801373,266.81757,90.25388,45.074417,239.5673,93.01836,55.041935,258.53775,95.900314,-16.658813,248.47948,95.9714,-13.80061,301.53033,146.60074,78.99107,216.23308,142.36375,79.53649,355.56317,191.30994,6.742648,159.09747,186.08493,-2.0446277,340.06274,123.30001,-80.760635,162.89043,119.27417,-126.30002,343.4997,108.66911,-99.123474,156.37381,104.696205,-153.01785,337.8725,108.08944,-80.319534,164.5703,103.35828,-136.66197,333.42642,114.58073,-76.12202,169.18367,108.3432,-124.326225,278.215,276.6589,0.81348264,230.46777,275.2907,-0.8781491,276.39865,389.40326,-34.16655,226.89114,390.1284,-32.349277,259.15564,493.0482,34.608807,234.78738,497.5498,53.895382,254.39249,505.59695,37.476547,235.37904,507.06598,59.641136,259.73578,532.57635,-53.72965,235.88873,531.21295,-27.685297
2.jpg,248.33064,63.97698,-45.29056,252.84164,60.227047,-28.084805,255.6397,60.625973,-28.15038,258.43088,61.187763,-28.269117,246.1154,60.542892,-26.00479,244.04091,61.080914,-25.988197,242.00105,61.70588,-26.060036,262.8664,68.23482,51.167183,238.42838,68.90647,59.610245,253.01357,71.52395,-17.372854,244.94325,71.15347,-14.954303,294.8978,123.16867,81.76524,206.10031,121.75114,88.30139,348.73807,178.64919,-7.9896283,147.85152,169.23605,7.0417824,340.5071,107.34572,-112.87405,147.7752,102.18911,-125.99984,345.127,91.023125,-135.41461,139.51381,85.48811,-157.39548,339.5972,88.03409,-121.452385,150.02264,81.46123,-145.87596,334.21918,94.46595,-111.47165,156.14133,87.93039,-127.18616,265.6778,269.9788,-8.583635,223.16692,268.68283,8.579145,254.25607,392.48758,-11.905895,210.94461,395.11844,-27.233309,239.2084,502.66824,33.377163,219.58484,508.60815,22.686659,237.40515,513.6764,32.652603,221.81648,518.34827,23.733572,233.22314,538.4594,-68.10974,209.0575,545.68964,-71.754616
20.jpg,233.66722,83.93821,-50.669815,238.11597,79.0029,-33.661434,241.07457,79.28637,-33.710495,243.99202,79.72844,-33.81582,231.1749,79.24468,-32.55556,228.98166,79.614,-32.53051,226.85777,80.14512,-32.607628,248.95726,85.292854,44.3694,222.69632,85.4906,48.360836,238.98572,91.567986,-22.983143,230.11772,91.12845,-21.876451,279.87897,140.40057,83.19211,191.21747,136.20422,71.50349,333.45538,188.27654,-16.447727,128.90187,177.06163,-27.69067,323.75055,119.296394,-145.1132,135.62141,110.05376,-168.73288,331.08487,105.14973,-168.76135,131.51128,96.465225,-197.29279,323.1292,103.21757,-151.05923,144.08984,93.85303,-181.39532,315.8596,108.71295,-142.24811,147.91331,98.774895,-167.14667,251.14392,273.93713,1.4360993,199.71556,271.38928,-1.5229,243.3368,391.2029,-17.716335,190.1756,392.54602,-43.634068,216.884,495.3322,20.719627,189.72856,504.529,3.201786,212.89606,508.87314,19.223366,189.90366,519.5587,3.7092264,207.81827,533.50574,-84.062454,182.79105,534.1367,-98.360435
22.jpg,249.71362,90.76909,-42.885735,253.84114,86.54562,-26.753262,256.77194,86.666565,-26.795927,259.62076,86.96973,-26.90761,246.63678,86.86796,-22.67363,244.49893,87.085144,-22.644464,242.51764,87.39775,-22.72217,264.32733,92.548416,43.233376,238.59105,93.389885,61.50992,255.30576,97.879295,-18.581738,246.89484,97.09156,-13.4398775,299.4299,141.03085,71.585655,205.95415,138.62451,89.30579,352.53595,187.55753,-25.463661,147.07372,173.11269,18.90609,344.09622,121.33399,-140.82971,144.2461,105.38729,-93.486206,348.73233,104.99445,-163.08823,143.60538,90.9512,-121.90115,342.4449,100.20564,-147.34119,156.25702,88.69709,-105.725784,337.0072,107.08292,-138.40512,158.10262,94.03907,-92.91415,266.74246,277.48615,-9.310423,218.169,278.66846,9.261459,255.2485,390.6949,-25.33117,209.21164,395.2989,-33.580425,239.01865,499.11337,1.4525481,215.75217,504.29813,2.0348403,236.41393,512.5861,-0.81356424,219.00267,517.95013,1.7045077,230.2729,539.0219,-104.81322,211.50049,542.5219,-95.16057
26.jpg,234.68408,64.361725,-38.584747,239.37814,60.425686,-22.018276,242.64993,60.941566,-22.07212,245.83495,61.75467,-22.196753,230.80775,60.700893,-20.365614,228.17404,61.169926,-20.344229,225.72345,61.782295,-20.397614,250.75565,67.520386,51.37477,220.74539,68.35077,58.82705,241.37735,72.65977,-13.126471,230.73848,71.70995,-11.00411,282.2337,116.12214,83.0355,192.55188,114.18251,86.182785,337.77335,165.54568,-4.5145373,132.90306,157.46294,17.940836,328.10577,101.13736,-109.24554,131.63141,88.05852,-79.696465,333.4103,83.89961,-129.58902,130.79367,72.42545,-103.19978,328.11884,80.45583,-112.96741,140.95642,69.761696,-86.28175,323.31708,86.64483,-106.63137,142.88914,74.97554,-78.258156,254.5556,245.94014,-1.3285847,207.16281,246.18367,1.3038905,245.53494,353.20633,-14.031078,202.06409,357.90555,-37.73047,230.21901,454.10422,28.26121,198.0059,464.8123,7.728899,226.04475,463.18692,28.164223,198.17868,473.7871,8.427336,220.46556,490.44833,-67.5223,195.99785,497.0818,-87.96976
2a.jpg,248.33064,63.97698,-45.29056,252.84164,60.227047,-28.084805,255.6397,60.625973,-28.15038,258.43088,61.187763,-28.269117,246.1154,60.542892,-26.00479,244.04091,61.080914,-25.988197,242.00105,61.70588,-26.060036,262.8664,68.23482,51.167183,238.42838,68.90647,59.610245,253.01357,71.52395,-17.372854,244.94325,71.15347,-14.954303,294.8978,123.16867,81.76524,206.10031,121.75114,88.30139,348.73807,178.64919,-7.9896283,147.85152,169.23605,7.0417824,340.5071,107.34572,-112.87405,147.7752,102.18911,-125.99984,345.127,91.023125,-135.41461,139.51381,85.48811,-157.39548,339.5972,88.03409,-121.452385,150.02264,81.46123,-145.87596,334.21918,94.46595,-111.47165,156.14133,87.93039,-127.18616,265.6778,269.9788,-8.583635,223.16692,268.68283,8.579145,254.25607,392.48758,-11.905895,210.94461,395.11844,-27.233309,239.2084,502.66824,33.377163,219.58484,508.60815,22.686659,237.40515,513.6764,32.652603,221.81648,518.34827,23.733572,233.22314,538.4594,-68.10974,209.0575,545.68964,-71.754616
3.jpg,243.85342,58.168858,-48.579475,247.71855,54.1578,-34.182526,250.70833,54.345875,-34.238644,253.66716,54.73005,-34.32235,240.61446,55.285896,-29.166159,238.45836,56.113384,-29.155325,236.41179,56.977573,-29.223286,258.34854,62.30107,30.966547,232.8145,65.08471,53.463387,249.81454,66.14675,-26.073605,241.01666,66.16958,-19.51664,293.20328,116.25269,58.869217,202.76358,114.74175,78.07635,346.89032,173.8389,-28.29164,143.04004,158.56497,15.348078,335.02545,104.66863,-139.90964,142.84172,91.98834,-107.01791,338.13995,87.65111,-162.28313,139.23518,77.68,-136.10072,332.85907,84.13431,-151.58597,148.54156,72.60953,-124.84616,327.8155,89.490524,-139.19176,151.8001,77.60806,-107.80957,262.46698,259.54938,-9.795496,217.8156,258.09106,9.782516,252.98561,374.87506,-16.642128,208.51076,374.2069,-25.120043,236.11853,482.08472,18.649437,212.40826,485.9207,11.056663,232.29868,493.42847,16.835716,213.76514,498.76517,10.633065,229.29298,515.35034,-79.80761,205.29596,516.2336,-79.31876
3a.jpg,243.85342,58.168858,-48.579475,247.71855,54.1578,-34.182526,250.70833,54.345875,-34.238644,253.66716,54.73005,-34.32235,240.61446,55.285896,-29.166159,238.45836,56.113384,-29.155325,236.41179,56.977573,-29.223286,258.34854,62.30107,30.966547,232.8145,65.08471,53.463387,249.81454,66.14675,-26.073605,241.01666,66.16958,-19.51664,293.20328,116.25269,58.869217,202.76358,114.74175,78.07635,346.89032,173.8389,-28.29164,143.04004,158.56497,15.348078,335.02545,104.66863,-139.90964,142.84172,91.98834,-107.01791,338.13995,87.65111,-162.28313,139.23518,77.68,-136.10072,332.85907,84.13431,-151.58597,148.54156,72.60953,-124.84616,327.8155,89.490524,-139.19176,151.8001,77.60806,-107.80957,262.46698,259.54938,-9.795496,217.8156,258.09106,9.782516,252.98561,374.87506,-16.642128,208.51076,374.2069,-25.120043,236.11853,482.08472,18.649437,212.40826,485.9207,11.056663,232.29868,493.42847,16.835716,213.76514,498.76517,10.633065,229.29298,515.35034,-79.80761,205.29596,516.2336,-79.31876
4.jpg,253.18765,72.40198,-42.656128,258.8153,67.28928,-24.45293,262.2475,67.58306,-24.512968,265.6757,68.16215,-24.618279,249.56534,68.34496,-23.078499,246.5637,69.186516,-23.063803,243.68755,70.12425,-23.133682,270.6252,75.69034,52.745567,238.3645,78.140526,58.132294,259.6859,80.72284,-16.548046,248.35478,80.27089,-14.982424,302.46484,134.61331,80.30533,210.8055,125.98062,79.637825,356.5024,184.2747,-12.203134,149.44644,166.92918,8.03047,344.96298,110.631004,-127.7075,148.16716,96.08735,-97.78436,347.87183,95.751884,-150.21506,141.91621,80.35776,-123.55614,341.1131,93.520905,-134.54161,151.86024,78.69217,-108.77893,337.01498,98.65243,-125.48664,157.13356,84.08542,-96.95667,273.21884,277.7705,1.3437968,221.84758,275.0191,-1.4366474,268.22244,396.5537,-9.755962,214.54399,398.78235,-39.212776,244.78978,498.8972,35.33575,216.9537,513.4012,5.2708573,236.83241,512.55133,34.917175,207.87987,521.2735,5.333838,247.61095,538.5596,-59.274765,209.94801,553.9639,-93.09379
4a.jpg,253.18765,72.40198,-42.656128,258.8153,67.28928,-24.45293,262.2475,67.58306,-24.512968,265.6757,68.16215,-24.618279,249.56534,68.34496,-23.078499,246.5637,69.186516,-23.063803,243.68755,70.12425,-23.133682,270.6252,75.69034,52.745567,238.3645,78.140526,58.132294,259.6859,80.72284,-16.548046,248.35478,80.27089,-14.982424,302.46484,134.61331,80.30533,210.8055,125.98062,79.637825,356.5024,184.2747,-12.203134,149.44644,166.92918,8.03047,344.96298,110.631004,-127.7075,148.16716,96.08735,-97.78436,347.87183,95.751884,-150.21506,141.91621,80.35776,-123.55614,341.1131,93.520905,-134.54161,151.86024,78.69217,-108.77893,337.01498,98.65243,-125.48664,157.13356,84.08542,-96.95667,273.21884,277.7705,1.3437968,221.84758,275.0191,-1.4366474,268.22244,396.5537,-9.755962,214.54399,398.78235,-39.212776,244.78978,498.8972,35.33575,216.9537,513.4012,5.2708573,236.83241,512.55133,34.917175,207.87987,521.2735,5.333838,247.61095,538.5596,-59.274765,209.94801,553.9639,-93.09379
6.jpg,226.12143,80.900696,-48.84738,229.99689,75.84439,-33.300537,232.83145,76.12472,-33.352974,235.65347,76.53471,-33.461914,223.39864,75.9974,-30.054295,221.34416,76.27501,-30.029501,219.43594,76.625916,-30.10558,240.55501,82.14452,37.086952,216.04543,83.09166,51.900223,231.22525,88.59448,-24.473982,222.9678,87.850075,-20.270052,277.35162,137.44412,66.697014,182.07033,135.51146,77.30552,331.55145,183.11911,-19.613867,125.38825,177.24226,14.671447,321.36484,115.76181,-121.873924,120.86712,105.99293,-81.92456,325.05103,98.94836,-141.95564,119.84742,87.61641,-107.56891,319.6908,94.43243,-127.76367,129.05142,84.01606,-92.64242,315.1531,101.20113,-120.37904,131.07841,90.6542,-81.606094,253.31615,281.23093,-8.394853,201.3461,280.97202,8.370734,246.05745,395.74536,-16.96612,194.92287,399.19446,-20.201157,225.95834,506.8944,20.899101,195.32893,508.54852,18.28276,221.94788,518.48315,19.392982,196.25769,522.2543,17.902716,223.41641,541.19293,-73.6829,182.5185,538.0102,-68.48697
6a.jpg,226.12143,80.900696,-48.84738,229.99689,75.84439,-33.300537,232.83145,76.12472,-33.352974,235.65347,76.53471,-33.461914,223.39864,75.9974,-30.054295,221.34416,76.27501,-30.029501,219.43594,76.625916,-30.10558,240.55501,82.14452,37.086952,216.04543,83.09166,51.900223,231.22525,88.59448,-24.473982,222.9678,87.850075,-20.270052,277.35162,137.44412,66.697014,182.07033,135.51146,77.30552,331.55145,183.11911,-19.613867,125.38825,177.24226,14.671447,321.36484,115.76181,-121.873924,120.86712,105.99293,-81.92456,325.05103,98.94836,-141.95564,119.84742,87.61641,-107.56891,319.6908,94.43243,-127.76367,129.05142,84.01606,-92.64242,315.1531,101.20113,-120.37904,131.07841,90.6542,-81.606094,253.31615,281.23093,-8.394853,201.3461,280.97202,8.370734,246.05745,395.74536,-16.96612,194.92287,399.19446,-20.201157,225.95834,506.8944,20.899101,195.32893,508.54852,18.28276,221.94788,518.48315,19.392982,196.25769,522.2543,17.902716,223.41641,541.19293,-73.6829,182.5185,538.0102,-68.48697
7.jpg,220.27022,92.4742,-49.108063,224.09515,88.50897,-32.689888,227.4812,88.71736,-32.728565,230.814,89.20313,-32.82988,214.72902,89.48714,-31.026825,211.84935,90.20381,-31.019423,209.23378,91.045494,-31.096483,234.81235,96.258766,40.616734,204.13696,98.987595,48.476753,228.04228,101.330246,-23.54282,216.60214,100.4122,-21.329361,271.71228,153.1409,73.19371,177.77696,148.14581,73.596275,322.60895,194.87424,-5.889124,118.73296,187.07344,-4.239515,316.8353,127.12256,-112.68466,119.16527,117.45565,-124.05763,322.24686,108.61189,-133.69643,118.52842,100.49678,-152.68486,316.6465,104.50926,-121.97901,127.72971,97.71116,-134.5538,312.12747,110.60945,-111.97253,130.25754,103.451004,-122.11129,250.88075,292.80246,-2.0582974,195.32918,294.10406,1.940803,244.5559,411.91553,-4.9206467,189.75467,414.66623,-20.305708,229.43478,518.41437,51.988125,197.41492,521.6632,35.106194,225.67252,527.8549,52.10777,199.12065,532.942,36.092945,225.689,563.29083,-51.348984,195.94783,560.2401,-57.763947
7a.jpg,220.27022,92.4742,-49.108063,224.09515,88.50897,-32.689888,227.4812,88.71736,-32.728565,230.814,89.20313,-32.82988,214.72902,89.48714,-31.026825,211.84935,90.20381,-31.019423,209.23378,91.045494,-31.096483,234.81235,96.258766,40.616734,204.13696,98.987595,48.476753,228.04228,101.330246,-23.54282,216.60214,100.4122,-21.329361,271.71228,153.1409,73.19371,177.77696,148.14581,73.596275,322.60895,194.87424,-5.889124,118.73296,187.07344,-4.239515,316.8353,127.12256,-112.68466,119.16527,117.45565,-124.05763,322.24686,108.61189,-133.69643,118.52842,100.49678,-152.68486,316.6465,104.50926,-121.97901,127.72971,97.71116,-134.5538,312.12747,110.60945,-111.97253,130.25754,103.451004,-122.11129,250.88075,292.80246,-2.0582974,195.32918,294.10406,1.940803,244.5559,411.91553,-4.9206467,189.75467,414.66623,-20.305708,229.43478,518.41437,51.988125,197.41492,521.6632,35.106194,225.67252,527.8549,52.10777,199.12065,532.942,36.092945,225.689,563.29083,-51.348984,195.94783,560.2401,-57.763947
8.jpg,219.77872,93.81269,-70.3727,223.68085,89.19587,-54.164814,226.48073,89.15234,-54.220703,229.45793,88.95173,-54.336826,216.30315,91.07543,-53.931435,213.97021,92.00951,-53.915653,211.82312,92.933556,-54.028473,233.98105,93.05562,24.67972,207.23575,97.360466,24.707922,225.69502,99.9118,-41.335865,217.42186,101.406136,-41.338764,270.5415,145.51245,62.51144,177.5465,144.04869,53.838943,325.92252,192.32933,-40.20912,117.5045,187.02779,-44.504223,316.7277,126.560616,-179.66911,115.4276,116.02677,-193.67754,322.82843,108.56939,-203.8889,112.07044,101.18068,-223.72353,314.68652,106.35094,-189.93355,121.61965,98.46602,-207.30936,308.66272,113.04811,-178.5573,126.1108,103.87522,-191.76657,247.38498,289.5901,-6.155279,197.75461,290.92343,6.104558,233.96712,415.9468,-18.963497,189.28326,416.9502,-35.188213,218.34686,529.4215,10.98045,191.26584,530.59393,3.8585155,217.56924,546.34174,8.170409,195.08823,546.34863,3.4939225,204.38408,564.213,-93.05588,174.68697,559.14435,-92.98179
8a.jpg,219.77872,93.81269,-70.3727,223.68085,89.19587,-54.164814,226.48073,89.15234,-54.220703,229.45793,88.95173,-54.336826,216.30315,91.07543,-53.931435,213.97021,92.00951,-53.915653,211.82312,92.933556,-54.028473,233.98105,93.05562,24.67972,207.23575,97.360466,24.707922,225.69502,99.9118,-41.335865,217.42186,101.406136,-41.338764,270.5415,145.51245,62.51144,177.5465,144.04869,53.838943,325.92252,192.32933,-40.20912,117.5045,187.02779,-44.504223,316.7277,126.560616,-179.66911,115.4276,116.02677,-193.67754,322.82843,108.56939,-203.8889,112.07044,101.18068,-223.72353,314.68652,106.35094,-189.93355,121.61965,98.46602,-207.30936,308.66272,113.04811,-178.5573,126.1108,103.87522,-191.76657,247.38498,289.5901,-6.155279,197.75461,290.92343,6.104558,233.96712,415.9468,-18.963497,189.28326,416.9502,-35.188213,218.34686,529.4215,10.98045,191.26584,530.59393,3.8585155,217.56924,546.34174,8.170409,195.08823,546.34863,3.4939225,204.38408,564.213,-93.05588,174.68697,559.14435,-92.98179
9.jpg,226.23126,84.81549,-40.502724,229.31538,78.730934,-26.244947,231.78476,78.7044,-26.320873,234.4593,78.83362,-26.460632,222.96051,79.17236,-22.552652,221.04301,79.460205,-22.54083,219.21567,79.92937,-22.62055,239.19052,82.76248,38.43651,215.02643,85.48597,54.554825,230.88692,92.24162,-18.221668,223.47173,91.881966,-13.586779,275.37326,140.1971,65.92688,182.31429,136.6812,77.329796,330.36432,187.66635,-13.553404,123.731834,180.04979,27.765472,321.65268,118.266594,-97.4793,119.687035,106.74952,-49.25038,329.12576,100.74817,-114.81366,116.02156,89.14727,-73.00212,321.54614,97.84538,-103.29115,127.36676,86.78113,-58.993366,313.86633,104.723335,-96.79902,131.90028,92.5036,-48.98902,246.27379,286.3857,-11.617492,207.10751,285.51227,11.642569,233.155,404.933,-27.270998,195.66913,407.91885,-30.855139,216.29582,520.26117,-9.481052,204.83774,523.1634,-10.475955,214.90443,536.1289,-12.652884,208.16792,538.3023,-12.337933,215.53662,548.38446,-101.15756,192.61397,554.832,-97.49738
9a.jpg,226.23126,84.81549,-40.502724,229.31538,78.730934,-26.244947,231.78476,78.7044,-26.320873,234.4593,78.83362,-26.460632,222.96051,79.17236,-22.552652,221.04301,79.460205,-22.54083,219.21567,79.92937,-22.62055,239.19052,82.76248,38.43651,215.02643,85.48597,54.554825,230.88692,92.24162,-18.221668,223.47173,91.881966,-13.586779,275.37326,140.1971,65.92688,182.31429,136.6812,77.329796,330.36432,187.66635,-13.553404,123.731834,180.04979,27.765472,321.65268,118.266594,-97.4793,119.687035,106.74952,-49.25038,329.12576,100.74817,-114.81366,116.02156,89.14727,-73.00212,321.54614,97.84538,-103.29115,127.36676,86.78113,-58.993366,313.86633,104.723335,-96.79902,131.90028,92.5036,-48.98902,246.27379,286.3857,-11.617492,207.10751,285.51227,11.642569,233.155,404.933,-27.270998,195.66913,407.91885,-30.855139,216.29582,520.26117,-9.481052,204.83774,523.1634,-10.475955,214.90443,536.1289,-12.652884,208.16792,538.3023,-12.337933,215.53662,548.38446,-101.15756,192.61397,554.832,-97.49738
