1.jpg,550.6743,431.8219,-768.01263,564.4238,407.70685,-733.51025,572.6585,407.07773,-733.5814,578.9328,406.93976,-733.6368,538.62915,410.17435,-739.14307,529.45306,410.66483,-739.2347,522.5302,411.3853,-739.32526,585.83923,413.9775,-479.96756,511.9791,418.96918,-507.93683,565.8999,455.64502,-668.71423,534.5893,457.56622,-677.1023,649.83203,560.4773,-269.39795,449.2598,556.03546,-331.78125,677.6753,719.2184,-129.25279,427.05917,716.5374,-236.7603,685.6295,873.31555,-319.3658,412.49283,872.35004,-421.82007,688.20276,917.2242,-379.12,403.26334,923.1067,-482.90164,677.745,918.49036,-449.88318,411.59232,924.614,-559.536,672.3808,903.61346,-350.48123,418.15887,906.09106,-454.53568,603.7706,849.7706,27.101282,491.86646,852.05695,-27.37963,602.5498,1069.063,8.659421,508.0321,1078.4333,-17.486147,577.9337,1264.8718,456.8434,521.7505,1267.379,393.6341,566.77576,1288.7988,485.53827,521.21936,1295.4242,419.73618,588.4519,1320.2867,222.43909,527.89777,1319.1868,136.1897
10.jpg,539.7296,421.90744,-739.5203,552.9118,399.69928,-704.5594,560.42444,399.1387,-704.63794,565.24603,398.8779,-704.69037,528.46686,400.5885,-709.3839,520.42334,400.74573,-709.46564,512.046,401.6012,-709.5629,573.89984,405.92166,-458.59375,502.37363,410.753,-483.0381,554.02625,446.0491,-644.15515,524.61115,447.57153,-651.5008,640.76697,557.7844,-257.26892,439.79886,550.9383,-317.0537,666.88586,715.902,-119.62311,419.09982,715.6497,-223.92628,681.7668,868.6849,-311.3481,408.93466,873.526,-406.1871,683.6374,913.3188,-369.50354,400.541,922.976,-465.07858,673.78296,915.74976,-440.18942,410.8143,923.0921,-542.21185,667.83813,900.94653,-342.72617,417.15884,906.0301,-439.00394,592.0608,846.6056,23.129915,480.04376,849.903,-23.447605,586.9159,1069.9463,-7.5173182,495.70917,1073.3282,-20.404747,562.9722,1266.7166,430.2367,511.29544,1268.132,393.87607,552.58575,1291.6788,457.263,513.211,1293.1609,420.03912,575.6226,1320.0928,191.34756,516.7216,1318.7295,138.99347
13.jpg,547.50305,419.84814,-745.36536,561.1836,396.5041,-711.7976,569.7088,395.9021,-711.9037,575.25244,395.49768,-711.9707,535.6933,397.26758,-714.12463,527.2641,397.52405,-714.1868,519.70374,398.2737,-714.2701,585.02014,402.03857,-466.30862,511.3235,406.83884,-479.00906,563.4219,444.18765,-649.51965,531.81976,444.79993,-653.4799,651.3764,551.28754,-276.40155,450.97888,545.0746,-294.2578,679.2397,708.538,-150.38821,408.93954,703.7724,-191.04546,691.6407,855.56573,-344.07306,376.4154,855.2589,-386.06555,696.9976,898.3042,-402.0847,363.5118,899.75006,-444.02917,686.1932,900.4396,-473.18637,369.97968,902.7035,-526.45935,678.4085,885.76276,-375.2163,378.44727,887.3096,-422.43967,597.0981,849.3123,10.717205,487.49844,847.9587,-10.986268,584.3388,1068.8467,-3.7014716,494.70657,1066.2009,10.20193,562.559,1261.627,459.69763,511.44434,1261.2557,455.3387,555.2264,1286.3529,489.98645,514.645,1284.168,484.8947,576.41876,1322.1549,223.88324,506.7935,1317.6619,208.22159
14.jpg,541.4487,427.66177,-707.4086,556.4727,404.97482,-673.3617,564.47003,404.60764,-673.4478,569.7578,404.84857,-673.4958,530.23676,405.78262,-676.04517,521.8349,406.12396,-676.1133,513.75793,406.8804,-676.22,579.96313,412.7447,-431.6251,505.61957,415.20682,-444.51044,557.5417,451.51193,-613.42694,525.5812,452.94873,-617.5184,643.15826,556.7201,-244.06538,441.51172,553.582,-276.35867,658.84467,715.2405,-113.62445,419.49326,716.14343,-180.19164,653.9074,861.7077,-296.70752,414.8188,868.24817,-364.84952,656.35547,904.83606,-355.33585,408.7204,918.1544,-426.15768,645.7635,903.1401,-422.32126,421.20404,917.4449,-498.78845,641.38336,888.7542,-326.0861,428.0347,899.3537,-396.18365,595.35046,852.7214,10.86706,480.2348,852.8546,-11.042075,588.3398,1072.9663,-17.245432,491.5711,1071.971,-5.0368423,565.83264,1263.4078,433.847,505.45465,1268.4734,420.9749,555.15063,1289.0529,462.44272,511.77423,1292.1732,448.39517,577.1375,1325.0962,192.60027,498.0591,1323.7443,170.05293
15.jpg,538.27344,423.30344,-762.85785,552.47644,401.6899,-729.494,560.2025,401.3309,-729.5554,564.99493,401.38382,-729.5997,527.02844,402.338,-733.4728,518.78723,402.451,-733.55756,510.25546,403.2888,-733.6586,575.3453,408.45407,-483.9831,501.3456,412.54865,-504.81995,553.14764,447.7376,-666.78125,522.3502,448.9207,-673.19617,640.05035,556.8365,-281.1863,439.02213,550.93304,-329.35507,665.6896,716.9559,-143.92766,417.76935,714.32526,-231.13608,680.22595,868.98126,-337.96863,406.14465,872.6217,-421.14084,684.33514,912.8651,-396.64313,396.41,919.6042,-481.24594,674.41547,915.9244,-467.77512,407.62335,920.11224,-559.1332,667.6738,901.4484,-369.38907,414.70282,905.3156,-454.23038,591.4402,846.50244,16.853632,480.59354,850.5389,-17.224781,583.05237,1072.3807,-16.07712,495.47733,1072.8579,-18.849472,562.10614,1267.0123,448.29672,514.5119,1268.5443,424.11523,555.9616,1290.5358,478.4742,517.57117,1290.8816,454.14395,572.9156,1322.7379,212.12886,516.87256,1320.6072,178.56812
16.jpg,550.0227,430.3784,-747.3864,563.43164,406.79492,-712.7055,571.5231,406.2959,-712.77716,578.1885,406.15942,-712.8191,538.54706,407.9763,-717.8984,529.59674,408.39062,-717.9797,522.88885,409.18716,-718.0897,584.85614,412.52423,-461.15872,512.67255,417.86874,-487.17966,564.9998,454.24384,-649.0448,534.0435,455.24466,-656.92505,651.32666,561.4713,-260.85266,449.621,555.2415,-311.44946,677.1,721.7671,-126.33898,425.65564,715.68726,-212.41461,685.22723,871.3188,-327.7542,411.67072,875.3206,-397.9334,688.2797,914.6606,-390.03745,400.48367,926.26196,-459.38315,676.1237,914.106,-460.26935,410.64386,927.7905,-537.5967,670.5501,900.3435,-358.58566,418.68433,909.8312,-431.36325,603.2398,853.9668,23.249744,492.41547,855.9612,-23.542164,601.57513,1071.1112,-4.0656385,508.66522,1083.6941,-15.547554,579.37286,1266.3083,482.63153,521.39343,1267.9033,434.95288,567.28424,1288.2516,515.3515,522.8301,1292.8809,465.405,587.0028,1326.983,246.53136,523.9752,1323.0431,181.14796
17.jpg,554.5269,433.81573,-708.5326,568.3863,410.344,-671.68274,576.3528,409.87973,-671.7807,581.1679,409.8548,-671.8062,543.287,411.10233,-676.2212,534.9717,411.3711,-676.2717,526.37604,412.11646,-676.33856,589.2315,416.68652,-425.51968,516.5016,420.5003,-449.60477,568.8015,457.6943,-613.9493,538.716,459.2819,-621.27356,651.3044,568.03503,-243.39264,449.49588,559.326,-283.68164,678.5561,726.80554,-117.45712,426.60062,723.9415,-201.92142,688.2864,875.61755,-306.38794,414.6983,878.0445,-400.68234,692.7735,919.4399,-366.14474,406.5507,926.5575,-464.37082,680.6222,919.72656,-434.86633,419.21854,926.31934,-537.00256,674.31244,905.8382,-336.35126,426.38147,909.5049,-432.25497,595.46826,860.7473,10.474954,484.58704,861.479,-10.698076,595.2289,1071.6207,8.7532625,493.29666,1080.0281,6.6885076,574.9706,1271.3761,434.7999,511.46402,1270.9774,412.21048,565.10895,1297.2124,461.4288,518.4541,1296.0321,437.92905,584.7619,1323.7279,207.75092,501.37045,1325.6086,171.02411
2.jpg,554.2876,434.7336,-724.39575,567.9943,410.946,-688.76825,575.89465,410.41968,-688.8518,580.74164,410.4487,-688.8858,542.64154,412.3038,-692.90576,534.09863,412.80807,-692.9594,525.66077,413.47897,-693.01886,588.48285,418.13556,-444.1508,515.8415,421.47745,-465.85617,568.6148,458.6376,-629.76794,538.2182,460.944,-636.4715,650.92566,569.0639,-259.02505,449.76953,561.0631,-292.85654,678.225,727.9159,-123.40478,425.7611,725.99335,-202.54109,686.6004,877.43835,-304.44492,415.89542,878.7009,-395.50394,689.6864,920.529,-362.27057,407.28177,926.61475,-458.05908,678.4834,921.35364,-431.02396,419.26273,926.925,-530.58954,672.81287,907.7207,-334.2505,426.18442,910.4079,-427.05228,595.6961,860.53046,5.9582663,483.64154,861.94403,-6.231231,593.186,1076.6906,-2.8715043,494.52182,1082.4727,15.07953,577.1415,1272.2194,452.8256,512.7558,1269.5293,447.18927,566.91925,1296.8107,482.2674,520.7666,1292.7102,476.0373,585.44934,1326.6434,221.90454,501.22452,1328.4641,208.378
20.jpg,533.1931,430.7431,-781.4715,547.7181,408.38937,-748.66833,556.34875,407.8757,-748.75385,561.5125,407.6272,-748.83887,520.41656,409.10794,-749.1305,511.67383,409.45544,-749.1907,504.3489,410.15732,-749.2633,574.01245,413.26044,-505.4208,496.51086,418.81522,-511.2629,550.2034,455.06238,-686.3489,516.40765,456.33377,-688.41364,639.04834,560.03296,-311.57108,437.1794,556.87836,-326.5989,665.39453,721.28735,-184.06247,417.64044,721.4339,-224.10202,663.1602,884.8359,-368.02902,415.1903,873.2075,-418.07114,661.2486,928.27405,-432.58432,415.36316,922.02966,-481.8857,648.11017,925.6569,-498.6452,428.79602,919.9288,-550.8364,644.6633,910.733,-395.61868,432.59885,902.37695,-447.8979,588.99316,858.9827,15.621581,475.22018,858.95636,-15.774297,584.4262,1081.4315,-17.800192,489.5384,1080.7305,-5.487596,562.02527,1263.9175,492.10242,515.8367,1267.4364,452.84827,553.78265,1288.3866,527.546,519.94745,1292.3608,484.64456,582.7784,1326.1128,270.405,512.41266,1323.3799,208.39874
22.jpg,553.6933,433.93582,-729.07086,567.50543,411.48495,-694.05975,575.6754,411.14417,-694.1605,580.4078,411.06406,-694.20685,542.04047,411.67874,-697.15094,533.6175,411.80463,-697.2063,525.18616,412.67224,-697.27356,589.26624,417.54987,-452.32108,515.43335,421.89807,-469.23395,568.2124,458.63885,-635.5432,537.3379,459.6439,-640.83655,652.7086,570.1862,-268.9771,449.07013,561.91205,-294.6047,677.70496,729.6146,-137.53362,425.23444,727.28186,-203.63615,687.6257,878.259,-319.4746,413.88058,879.50305,-397.55716,692.3072,922.82434,-377.001,405.99673,929.469,-458.21234,681.1665,923.8382,-445.99258,419.35168,928.9777,-531.03864,674.6806,908.6073,-349.34833,426.1721,911.6728,-429.0324,594.3674,860.2112,1.9387466,482.03506,861.0391,-2.1756053,592.83093,1072.5702,9.129659,493.8916,1080.0239,23.692694,576.1642,1271.2926,432.53082,511.76495,1269.4299,435.0189,565.7383,1298.2544,458.70325,519.056,1294.6677,461.73102,581.2389,1322.7047,201.40408,501.73456,1323.9705,195.73874
23.jpg,546.4581,419.8292,-724.4689,560.25385,397.06268,-692.3527,568.7731,396.42923,-692.45087,574.09106,396.08694,-692.50287,534.4608,398.16046,-692.9536,526.06244,398.44946,-693.0054,518.2478,399.15118,-693.0807,585.7677,402.84763,-452.40073,510.62183,407.1127,-456.6576,562.5753,444.52832,-630.4754,530.33057,445.1355,-632.0918,651.518,551.0634,-269.24503,452.09344,543.72345,-267.73563,679.24896,708.7325,-146.16013,414.5185,699.232,-159.72293,692.13885,861.07806,-340.54825,380.008,847.926,-362.87943,696.87213,902.2109,-398.0282,365.78635,891.44214,-422.23163,685.53784,904.33185,-470.84656,372.3654,894.0815,-505.7263,678.4132,889.8838,-372.05588,380.95294,880.001,-400.23816,597.9475,847.4969,1.226087,488.74,844.95667,-1.4773483,585.9321,1069.3417,-27.8358,496.305,1062.9341,-4.113062,567.73254,1261.2124,421.61594,513.14825,1260.9323,424.0923,561.0264,1284.5857,449.71854,518.2967,1283.827,451.58615,574.6665,1321.9159,173.82013,505.60263,1321.2225,174.38165
24.jpg,542.1449,425.36835,-696.467,557.02875,403.53754,-661.137,565.19977,403.09348,-661.2254,570.69305,403.1869,-661.26776,529.5701,405.3871,-665.02423,520.8352,406.1,-665.0994,512.81146,406.6389,-665.206,581.4747,412.0251,-418.282,504.47028,414.28326,-437.52725,559.1065,451.01556,-602.634,526.7222,453.6991,-608.4895,643.28864,555.975,-229.09908,441.99878,552.53625,-276.6772,659.9492,714.2958,-96.42205,421.79724,716.36395,-186.90117,658.15094,865.0718,-281.87625,415.45212,865.95953,-370.23926,661.99615,908.1445,-340.665,408.53925,916.0694,-432.07303,650.4305,906.7354,-408.7648,421.11676,915.4258,-504.26245,645.3302,891.22876,-312.02277,428.45593,898.0357,-401.354,596.2606,849.4752,16.0353,482.10492,851.57196,-16.234015,587.7721,1072.282,-10.966108,493.43747,1074.2722,-11.645924,566.1956,1265.4067,434.30972,508.2357,1268.5184,404.2466,555.4857,1289.8253,462.1095,513.3103,1292.0204,430.71964,579.0972,1325.5438,194.49014,502.6977,1324.333,152.27281
25.jpg,540.0172,424.06104,-785.9247,553.9043,401.1696,-752.30994,562.17053,400.4922,-752.3661,567.3927,400.45914,-752.4206,528.41345,403.1561,-757.0694,519.8152,403.89258,-757.1621,511.96326,404.56754,-757.24774,575.75793,408.68573,-504.0983,502.14014,412.93484,-529.26044,555.538,448.41812,-688.88635,524.3937,450.4655,-696.45795,639.5314,556.7957,-293.68216,439.17206,551.4999,-356.11404,665.8385,716.00385,-151.00003,416.90134,717.6567,-261.9935,680.6411,869.15875,-340.3167,406.92654,874.7396,-443.504,683.87933,913.1946,-398.3578,397.60837,924.5372,-503.84464,673.70465,915.3685,-469.72968,409.65918,924.6502,-579.1258,667.71906,900.9163,-371.85587,416.645,908.3759,-475.37372,592.67926,845.5963,22.903471,480.64285,849.5066,-23.299047,582.3459,1073.9386,2.967678,495.34253,1072.593,-15.2089615,561.7726,1265.6361,459.20123,511.97025,1265.2349,429.12604,551.7714,1290.5032,488.94644,513.5232,1290.1511,459.54755,576.428,1323.7407,228.08057,518.3303,1318.8594,187.15239
27.jpg,552.0455,434.6042,-713.6809,566.02386,411.50522,-678.2831,574.65155,411.20316,-678.3764,580.22876,411.21414,-678.41925,540.57874,411.57626,-682.15814,531.7095,411.66272,-682.21265,524.20056,412.30884,-682.2842,588.77094,417.49518,-433.51846,515.0012,420.92062,-453.87433,566.93085,459.0632,-618.75146,535.5759,459.76382,-625.0543,651.0444,567.5808,-247.52008,448.51318,558.4941,-278.27756,676.7608,726.0093,-112.28782,426.3366,720.5157,-185.93927,684.4825,875.0914,-298.7602,414.0699,874.96234,-385.55234,688.9006,919.66364,-358.4485,406.63416,923.17615,-448.519,676.0547,919.28406,-428.16034,419.14816,923.046,-523.1755,669.75464,904.7794,-328.90732,426.09283,905.4878,-417.80664,595.7816,858.7833,4.056504,484.30563,859.3694,-4.2638354,595.6702,1074.5663,-13.584587,492.62814,1080.8987,4.812431,576.46814,1271.8539,430.978,511.69537,1270.1002,420.22437,564.9102,1297.2517,458.99576,519.55945,1294.7817,446.88074,581.93286,1324.247,198.76863,502.00458,1324.611,176.03111
28.jpg,545.5259,418.59012,-712.01526,559.994,395.8747,-678.69135,568.50867,395.2749,-678.8006,573.8347,395.0844,-678.8569,533.8587,396.69406,-680.5793,525.2642,396.99805,-680.62994,517.505,397.86426,-680.7152,584.77576,401.71576,-437.25647,509.48465,406.7906,-448.1683,561.2483,443.16562,-617.9791,529.3306,443.76447,-621.4747,650.207,550.73096,-258.39,450.8752,543.5134,-266.31296,678.84753,706.5539,-141.62129,411.5029,702.7526,-166.80481,689.32886,855.46765,-340.24167,378.68097,852.75494,-365.46118,695.8728,896.6497,-399.7966,365.94586,898.43915,-424.34802,683.93555,897.5091,-470.36725,371.95154,901.2983,-507.38968,675.93494,883.32043,-371.1062,379.77832,886.62897,-402.4231,596.98004,849.8029,6.4617534,488.2636,847.3936,-6.731291,587.3849,1075.8252,-21.452904,494.10422,1069.8392,-0.78910637,563.8228,1266.5408,421.6577,512.0189,1263.6786,423.76212,556.9426,1291.958,449.46225,516.75354,1288.4268,451.07056,574.357,1324.812,177.12596,512.18634,1318.7252,173.24739
29.jpg,543.83655,426.23126,-709.8778,557.42456,403.957,-675.8491,564.8227,403.56534,-675.94,569.75757,403.17386,-675.9895,531.8965,404.41666,-679.362,523.77264,404.49026,-679.4405,515.4615,404.99985,-679.5641,579.4331,410.15826,-434.769,506.04944,413.07407,-451.45706,558.50305,450.036,-616.05914,527.75055,450.6938,-621.254,644.77295,555.30115,-245.76285,442.32785,554.0768,-286.74313,659.8552,717.2617,-119.14361,421.28574,716.8435,-196.84161,655.5422,866.6539,-310.30817,413.23303,866.1207,-385.38998,658.13837,909.9097,-371.35428,406.0276,915.353,-447.20374,646.2179,908.54474,-437.57718,417.4302,914.742,-522.26434,642.07404,893.67194,-339.86432,424.5359,897.3162,-417.48004,595.0902,848.9306,11.801884,481.29495,849.2383,-12.014312,588.16797,1072.044,-16.885426,492.26443,1073.9773,-4.1730123,563.8906,1266.231,418.74036,506.76562,1266.1945,415.88965,553.2626,1292.1637,445.31076,512.7775,1291.2766,442.89224,578.2776,1326.3737,172.33641,502.82532,1321.9069,164.67467
3.jpg,546.26587,421.8406,-706.1324,560.61804,398.14874,-672.7916,569.4129,397.47818,-672.91266,574.8913,397.2179,-672.9742,534.6893,399.02942,-673.9721,525.96265,399.45837,-674.016,518.6566,400.37796,-674.10297,585.7525,402.9283,-431.3846,511.51083,408.69095,-438.47757,562.6343,445.77463,-612.0357,530.8655,447.21945,-614.39294,652.1131,552.92664,-249.63664,453.04288,543.3066,-257.10083,679.23065,707.33624,-132.94476,411.62146,699.22144,-155.27417,690.7913,853.7757,-334.093,377.71686,847.9803,-358.59363,695.1344,896.1329,-393.48337,363.14774,892.60876,-417.7275,684.3572,897.71765,-463.84772,369.67923,895.416,-501.1855,677.49854,883.8364,-365.06516,378.3493,880.5516,-395.88693,597.9732,850.9118,8.462339,488.0381,850.0005,-8.721065,584.21027,1070.4453,-5.734153,494.92917,1069.3295,10.153512,563.9605,1262.1891,450.31174,512.217,1261.6847,450.1112,555.90576,1286.9364,479.62103,514.7155,1284.8444,478.96136,577.1259,1322.4036,209.93195,507.71793,1317.7344,202.72533
30.jpg,536.734,423.6104,-742.8003,550.70184,401.02576,-708.1706,559.3364,400.39804,-708.2402,565.2537,400.35248,-708.285,525.54987,403.05066,-711.33716,517.226,403.5644,-711.40857,509.7194,404.13858,-711.48816,574.35284,408.71826,-461.61484,501.67584,412.05228,-478.61642,552.9664,448.01837,-647.0519,521.7547,449.70364,-652.30725,639.01807,558.7409,-263.44388,439.247,551.5188,-302.26767,667.2171,717.30133,-126.22037,418.36194,713.3382,-203.37788,679.68866,870.628,-317.63837,406.8,869.96564,-393.83868,683.5611,914.49475,-375.91562,398.98486,918.17896,-455.14346,672.87195,916.71265,-448.22876,409.61478,917.85016,-530.7636,666.5036,901.8962,-349.27518,415.82928,901.33295,-426.52542,590.62756,848.29956,13.427483,480.03546,851.50964,-13.744939,583.3462,1072.6584,-16.669273,496.40268,1075.4626,-12.337607,565.03455,1267.2054,436.44073,511.626,1270.8722,409.24075,555.9226,1290.8965,465.0829,514.1314,1294.3606,436.31955,576.26685,1325.2548,193.89531,514.4698,1323.1212,155.15236
31.jpg,550.4583,432.573,-765.36255,564.20715,408.39615,-730.43005,572.4706,407.67746,-730.5003,579.09,407.4385,-730.5494,538.43304,410.81033,-734.821,529.4003,411.23148,-734.9046,522.61255,411.98407,-734.9889,585.8126,413.8824,-478.91003,512.1224,419.3486,-501.14722,565.6705,456.27982,-667.1889,534.45044,457.91943,-673.9986,650.98883,562.75366,-278.54593,449.37802,556.07166,-319.4597,678.15784,722.9391,-142.37314,424.75275,718.03064,-221.70207,684.98065,874.5974,-329.14545,411.59824,875.1724,-412.50287,687.10266,916.6385,-389.3739,401.34778,925.5337,-475.0226,675.9544,916.55414,-459.37833,410.72696,926.03296,-550.37494,670.4199,902.6885,-359.59268,418.1445,908.16626,-444.94684,602.442,852.12305,13.615151,490.3001,853.4298,-13.874747,600.6559,1065.5231,-10.990564,507.44122,1073.0424,-8.243233,578.9586,1264.8981,449.23816,520.71204,1265.7592,412.9812,568.82104,1289.6885,479.12326,522.82336,1293.3566,440.2406,583.1979,1321.81,212.41293,521.1271,1320.3981,159.05656
32.jpg,553.8013,422.56253,-729.4166,567.11505,398.97012,-694.7721,575.3219,398.40472,-694.8832,580.7034,398.2519,-694.95435,542.1959,399.9664,-697.21075,533.2614,400.54694,-697.25146,525.2929,401.30612,-697.31506,588.0449,404.7492,-448.56158,515.42786,409.26434,-460.4701,568.2909,446.37643,-633.569,537.98193,448.02502,-637.4116,653.3547,555.82733,-269.2012,452.94336,545.15594,-270.0926,680.17737,715.4844,-146.2539,418.56448,702.80505,-164.92442,693.2992,861.2539,-341.13983,395.32285,860.2087,-365.79626,695.89044,906.10596,-401.2822,379.79504,909.878,-425.88623,685.96954,906.8967,-475.1724,390.92072,911.8068,-508.08966,680.0795,893.86816,-373.1742,400.0557,895.59644,-402.41602,599.29944,849.271,-1.3624632,488.08023,848.8434,1.2063303,596.7024,1066.8126,-16.941866,493.77686,1071.2765,10.707139,581.2012,1263.3762,438.62155,513.5028,1265.763,431.7995,568.45795,1288.8483,467.3182,521.85364,1290.1793,458.1552,582.6779,1321.2006,194.269,502.29324,1324.1241,177.61096
34.jpg,542.58093,428.2347,-669.99036,557.33075,405.3929,-635.04736,565.29376,404.9658,-635.1471,570.4574,405.1995,-635.19196,531.23724,406.18173,-639.1963,522.5577,406.48096,-639.25116,514.3531,407.16705,-639.3615,580.4914,413.16885,-390.58185,505.469,415.2719,-410.44516,558.24585,451.97598,-574.90936,526.5218,453.51117,-580.952,642.0219,555.54376,-198.27863,442.23465,552.41284,-245.67162,658.6775,711.2848,-61.904675,420.75256,713.647,-153.06645,658.41125,857.61285,-257.5864,412.75104,860.82245,-343.29364,664.098,898.3973,-316.56287,406.1491,906.9005,-405.1938,653.4776,896.6744,-386.20615,417.104,906.52466,-479.0905,647.54785,882.9791,-288.5441,423.95895,889.6464,-375.1794,596.42456,851.222,17.328123,482.5517,852.2486,-17.509068,588.7687,1073.7336,-21.486181,494.72855,1078.6298,-19.21386,568.41724,1261.6886,443.93637,507.15482,1266.6538,412.32394,557.21185,1283.6732,473.85205,513.0848,1288.0369,440.42932,582.0497,1326.5702,204.39886,499.12848,1325.0074,160.31914
35.jpg,539.0927,425.52228,-740.9667,553.1038,402.5456,-705.9422,561.08575,401.9229,-706.00507,566.1728,401.9159,-706.03516,527.99194,403.9646,-711.8073,519.7826,404.37088,-711.8885,511.67722,404.8958,-711.9805,574.51324,409.44113,-454.33496,502.96658,412.6367,-484.2634,554.2711,448.9418,-642.961,524.29407,450.98703,-651.9043,638.5637,555.5817,-247.59901,439.7385,550.39465,-315.1067,666.6252,713.65155,-109.33679,417.63467,714.56195,-227.78798,681.248,863.1615,-306.52136,408.0524,873.2991,-419.03592,685.2805,907.8219,-366.38913,398.84503,922.15326,-480.55557,674.10016,909.6436,-436.9789,409.96854,922.76355,-556.626,667.53033,895.0184,-337.90112,416.62512,906.2852,-451.2126,591.3395,846.6884,26.00405,482.26266,849.72473,-26.346903,581.6782,1070.0486,-4.9646125,494.74716,1074.9788,-30.323904,562.57996,1266.362,429.91165,512.48395,1269.5684,383.43317,554.9215,1292.2565,457.1173,511.3418,1297.8754,409.87082,577.0349,1320.58,191.18932,521.3944,1317.899,128.53592
36.jpg,550.1371,430.87094,-747.9771,563.90247,407.18768,-712.83655,572.18787,406.7308,-712.9167,578.3771,406.6071,-712.96075,538.8425,408.19937,-717.49854,529.858,408.54913,-717.5744,522.6891,409.3052,-717.66125,585.26825,413.00876,-462.22305,512.53723,417.714,-485.6233,565.24414,454.75424,-650.3999,533.96515,455.83496,-657.55273,650.58356,562.79944,-267.38956,449.35648,556.1268,-307.56262,677.043,720.3788,-134.05385,426.2205,718.3147,-207.86108,683.34607,870.94507,-320.1204,411.68204,876.44324,-395.04535,686.8128,911.44763,-380.04413,401.2123,926.017,-456.129,676.7398,910.50586,-449.2733,410.2672,927.3022,-533.86676,670.94006,897.7372,-350.25598,417.6679,909.976,-428.53598,602.09033,853.20667,15.358091,489.6646,854.5381,-15.619787,599.11743,1066.969,-7.8269353,506.00128,1071.8696,-9.122206,578.71515,1267.0377,443.71103,519.1423,1267.4104,417.70132,567.7738,1291.9081,472.764,520.281,1294.0781,445.33124,585.69305,1325.7157,203.45064,521.5103,1321.5128,163.75046
37.jpg,555.10596,433.15317,-736.80865,568.5855,410.86163,-701.5292,576.35114,410.59335,-701.62054,580.9163,410.5897,-701.6652,543.0844,410.97745,-705.7464,534.5592,410.96887,-705.8098,525.8609,411.6733,-705.8882,589.28125,416.98816,-455.77472,515.386,420.78058,-477.58237,569.17505,457.60324,-641.4283,538.5703,458.63153,-648.16675,651.7938,568.158,-266.84015,448.7427,558.9008,-301.22348,677.66315,728.47626,-131.61497,426.42044,724.4858,-207.55907,686.9405,877.9054,-317.93082,414.82632,876.1187,-404.73203,691.77344,924.6905,-376.8383,406.48715,923.54926,-467.08057,680.4781,925.6839,-446.45166,418.5343,923.6642,-542.79895,674.07434,911.1343,-348.25977,425.6537,906.61035,-437.46735,596.29266,861.09344,6.3888574,483.61124,861.1385,-6.646584,593.35114,1078.3357,1.2214177,492.76715,1088.247,16.498217,577.7536,1270.8455,463.50186,513.39197,1270.8857,450.45456,566.76904,1295.7966,493.38458,521.5353,1294.2351,479.30032,583.9118,1325.1053,231.5611,501.1059,1326.7651,207.3322
38.jpg,547.77386,419.05493,-707.6525,561.98334,396.11652,-673.89386,569.8792,395.55417,-674.00507,574.94006,395.33292,-674.0574,536.1516,397.23483,-676.1851,527.7336,397.49988,-676.23987,519.4472,398.46423,-676.32623,585.6644,401.81894,-433.15347,510.9412,407.16577,-445.92294,563.573,443.0344,-614.22345,532.4876,444.22638,-618.24243,651.6069,550.3694,-255.51996,451.21948,543.53394,-270.42917,678.5773,708.0246,-141.08217,411.5907,701.1633,-180.07306,690.97327,858.6589,-337.6124,379.5258,851.4697,-376.91467,697.6362,900.05554,-396.1474,367.07434,896.8693,-435.5045,685.4179,902.46094,-466.19388,374.4641,900.4962,-516.5653,677.6271,887.5795,-368.30774,382.62686,885.4492,-412.9115,595.8086,849.6895,7.583101,488.0739,846.7122,-7.8429456,586.8141,1071.9233,-10.337205,493.63483,1068.3346,2.3113682,561.97284,1265.1426,403.22516,511.87952,1263.1443,404.8545,555.23584,1293.2948,428.04935,516.44293,1290.522,429.876,574.0422,1321.0188,160.91145,512.88257,1315.8267,155.98628
39.jpg,542.90393,430.8575,-680.01086,557.3331,407.5976,-644.7968,565.0269,407.05377,-644.89856,570.18677,407.26324,-644.9454,531.343,408.38303,-649.38434,522.89026,408.7997,-649.4425,514.4269,409.37616,-649.5418,580.4991,414.95496,-401.80692,505.49976,417.31723,-423.99,558.0779,454.2636,-585.75745,527.4555,456.08163,-592.48846,642.36774,557.7826,-216.37712,441.71005,553.439,-260.78525,660.7774,715.23456,-85.12324,419.54065,713.2154,-171.98116,657.4328,863.0136,-271.1909,416.96857,865.3755,-355.9467,659.8403,904.9496,-330.3999,410.8597,914.4864,-416.60355,649.3811,902.863,-397.33377,422.88333,914.69525,-489.23456,644.6597,888.4123,-300.8393,429.26392,897.6251,-387.07346,596.54785,852.7526,12.184898,481.85263,854.0892,-12.345271,589.04553,1072.7983,-12.263577,493.55728,1073.7449,-6.430114,567.0777,1266.1128,415.77484,505.87943,1268.4899,400.0969,554.31464,1292.5366,441.90802,511.1976,1292.186,425.4928,578.26013,1324.832,174.59871,501.34137,1323.5836,149.37253
4.jpg,543.2268,427.2545,-693.5156,557.3754,404.29242,-657.68427,565.7672,403.73166,-657.78625,570.9888,403.7899,-657.8446,530.66736,405.75577,-662.56335,521.6719,406.5108,-662.6221,514.133,407.23517,-662.70703,580.47595,411.9347,-412.1885,505.03226,415.23953,-435.20096,559.5455,451.22113,-598.43365,527.57135,453.55502,-605.3804,642.36615,557.4468,-222.64528,442.63623,554.1389,-269.23978,659.5086,713.46765,-85.26377,421.6781,716.7678,-174.38522,660.3391,858.21344,-269.60526,416.72455,866.50433,-357.62976,663.955,900.19006,-328.6003,411.1556,914.82965,-418.8309,653.3694,898.0761,-396.72833,422.63226,914.1494,-492.62854,647.89044,884.307,-299.68054,428.96848,896.7867,-389.36865,596.12164,850.304,11.291387,482.12656,851.7272,-11.455828,588.4077,1070.803,-14.545759,492.65564,1073.5065,-6.151346,566.8232,1265.5452,411.25504,506.5479,1268.3268,400.55475,555.1971,1291.678,436.88394,511.9667,1291.6799,425.66763,577.89557,1325.6619,166.7249,497.46704,1323.8993,147.15044
40.jpg,537.93396,422.14322,-755.7028,551.3955,400.09323,-721.4058,559.37146,399.5248,-721.47217,564.71204,399.38184,-721.52106,526.80853,401.10052,-725.39935,518.6597,401.3812,-725.4754,510.60815,402.31293,-725.5549,573.5007,406.51526,-475.7938,501.93396,411.8847,-496.7787,552.8263,446.0378,-660.2033,522.76373,447.44678,-666.61346,639.7334,557.78357,-277.28656,439.9187,553.5471,-321.31842,669.07135,718.61017,-136.62627,420.51797,718.2902,-219.80986,680.9577,873.4338,-323.77274,409.75598,870.14795,-404.36768,683.89655,916.31305,-381.13187,401.034,917.1841,-463.60315,674.6808,918.4221,-452.22397,410.67288,917.5428,-540.96606,668.1849,903.6161,-354.84482,417.19382,902.0179,-437.48282,593.1951,846.87036,15.0498,480.96103,850.638,-15.40722,583.4987,1070.9403,-15.870161,494.95035,1074.1029,-12.380462,563.1424,1268.2623,442.30502,512.75903,1268.3347,425.0346,554.257,1293.2557,471.69708,514.7747,1292.4331,454.19867,574.74097,1323.9442,204.54134,515.5322,1320.8325,178.52838
5.jpg,538.13446,423.33957,-734.4894,552.0788,401.50513,-700.19794,559.95215,401.111,-700.2701,564.90295,400.96732,-700.31323,526.6393,402.2588,-704.56915,518.5485,402.45746,-704.644,510.18018,403.37558,-704.7405,575.194,407.85312,-455.14465,501.39404,412.75528,-477.81506,553.3271,447.9663,-639.18536,522.6393,448.88046,-646.0709,640.74335,556.9019,-258.7362,440.87842,550.4449,-307.07053,667.0179,715.3742,-124.05957,418.43622,714.2075,-214.30692,680.57166,864.3023,-316.9994,406.79977,869.6389,-404.24026,683.4966,908.3959,-375.55338,398.04907,918.0031,-463.80713,673.0891,910.36096,-446.40637,409.59064,918.3969,-541.582,666.9924,895.7452,-348.1824,416.01285,902.3279,-437.45932,592.31323,846.07074,17.552778,481.6575,850.0311,-17.867239,584.38544,1071.13,-22.439669,497.18982,1073.8978,-24.121199,563.3799,1264.5626,421.06833,511.51505,1265.9752,393.62408,555.69653,1289.0502,448.7289,514.666,1290.2125,420.4076,573.56665,1320.8411,180.7745,514.2437,1320.5623,140.70944
6.jpg,551.3687,431.0984,-734.6286,564.5684,407.39743,-698.60803,572.69745,406.89624,-698.689,578.8497,406.7793,-698.73315,539.5697,408.68204,-704.70166,530.5347,409.10016,-704.77893,523.2165,409.86163,-704.8684,585.1879,412.94284,-446.5912,512.261,417.9101,-477.25806,566.2112,454.97202,-636.713,535.43494,455.99753,-645.90814,650.959,560.87683,-250.61775,450.17996,555.5425,-306.24667,677.27637,719.9348,-116.631996,425.05542,716.842,-216.495,687.6577,868.49585,-309.03528,411.5282,877.4212,-403.52298,690.96814,911.57184,-369.74857,401.03513,929.0149,-465.3011,679.6256,910.387,-439.70563,411.13492,930.6055,-541.00275,673.8745,897.33826,-339.73557,418.20502,912.6536,-436.03027,603.87024,854.5114,20.6521,492.66776,857.0416,-20.898315,601.0058,1069.5691,1.7079259,509.1503,1077.4562,-11.505804,577.3685,1265.8702,455.08792,520.60065,1266.3541,410.85495,565.90314,1289.8795,484.4841,521.19006,1293.7249,438.39084,588.228,1322.994,222.99263,524.29333,1318.3253,160.9602
7.jpg,554.5111,434.91495,-712.3962,568.1052,411.4732,-677.5717,575.8971,411.0541,-677.67883,580.6884,411.1743,-677.72296,543.07935,412.11905,-680.4466,534.68195,412.37775,-680.4937,526.1627,413.02234,-680.5645,588.61084,418.47375,-438.9003,516.0904,420.99622,-454.77765,568.2372,458.6625,-620.19055,538.24725,460.19467,-625.1821,650.93164,567.47595,-262.90836,449.32315,559.5249,-282.50488,676.1862,725.6482,-137.59859,425.21088,727.40796,-196.83496,686.3147,875.60175,-315.85803,415.91132,878.8712,-392.75827,690.6696,920.089,-373.80612,409.1912,928.99603,-453.4733,678.63885,920.9819,-441.90643,420.84952,928.28204,-526.8047,672.1493,906.55817,-345.18655,427.26755,911.1818,-424.5162,595.44434,860.5895,0.20583637,483.3193,861.0187,-0.3939532,594.72516,1071.7792,4.5920253,493.95984,1082.8027,20.880432,576.3183,1271.4733,415.69202,513.56647,1272.175,413.79575,566.0233,1296.9602,440.41327,521.1917,1297.7961,438.38358,584.1028,1321.1993,187.15703,497.70712,1325.3573,175.24539
8.jpg,547.8843,415.73798,-739.52893,561.38354,392.39554,-705.611,569.9202,391.76794,-705.7032,575.52594,391.5534,-705.76044,535.97986,394.16254,-708.38763,527.5416,394.56213,-708.4448,519.99207,395.046,-708.4988,584.954,398.8654,-455.12027,512.47125,402.22324,-468.07114,564.0068,439.25424,-641.4992,533.67523,441.36102,-645.508,650.82776,544.80286,-248.29428,451.73755,538.949,-287.08957,685.76556,694.9082,-112.050705,418.559,697.9191,-185.35023,713.29364,840.8558,-323.16376,396.30405,854.74084,-389.73566,719.8962,888.39435,-381.273,383.6579,899.5015,-451.81183,711.3568,889.6965,-458.0661,394.29227,900.8606,-532.786,707.0177,875.61176,-357.53082,402.85016,885.46765,-425.26102,593.9966,842.7848,10.059565,484.21664,839.99054,-10.373079,576.6637,1068.6528,-25.42381,492.04657,1066.0004,-18.116053,563.9633,1259.4833,439.39053,505.15393,1259.4175,438.1926,552.7748,1283.9384,469.41443,511.2198,1280.9812,468.93045,573.3224,1326.7816,194.04208,501.87085,1321.869,193.10104
9.jpg,541.4052,429.99963,-722.8812,556.5131,406.93326,-688.2826,564.66144,406.4355,-688.3736,569.97577,406.62656,-688.4254,529.5612,407.99515,-691.5419,520.7179,408.46185,-691.6116,512.8084,408.91455,-691.7106,580.31586,414.35217,-441.88303,504.65466,416.273,-457.9179,557.49835,453.94623,-626.88605,525.46796,456.0946,-631.8863,643.4362,557.6525,-250.88268,441.47836,553.87683,-285.0227,658.30005,716.8356,-120.58953,419.64606,717.4973,-189.80138,657.69305,860.9118,-313.07007,415.5831,867.6484,-381.96518,660.172,903.269,-374.87894,409.487,915.8981,-444.64325,649.60474,900.8748,-442.32654,420.49234,914.89484,-518.4449,645.10364,886.5612,-342.86905,426.98352,897.8859,-413.71048,597.5182,853.1341,10.056215,482.59558,853.85815,-10.241397,589.7978,1073.6227,-15.936589,492.96765,1073.3223,0.20200606,566.09625,1267.1263,438.58176,506.40543,1268.5361,432.38165,554.37537,1292.4441,467.6446,512.4199,1290.0118,460.716,577.6239,1328.0049,196.56467,504.4277,1323.3068,181.49455
