1.jpg,540.8443,369.14615,-493.82425,550.08734,347.505,-438.27008,557.9803,346.4817,-438.22687,566.22705,346.33508,-438.34164,529.4801,350.52298,-438.85312,521.94415,351.49542,-438.9072,515.0992,352.59024,-438.81894,579.29425,359.3448,-184.49403,509.4487,362.14136,-180.90251,558.4123,390.2116,-402.99075,529.9483,390.72263,-402.40546,642.9918,463.00217,-125.65646,453.3414,456.94882,-122.25091,735.19745,365.22635,-275.00732,381.62448,336.12964,-279.4572,757.2448,205.15875,-481.09238,400.8715,167.93474,-473.05536,761.49005,165.1494,-568.9516,400.11102,137.12859,-571.19604,749.8132,155.911,-589.5895,410.64664,131.85661,-560.46826,745.03217,168.6839,-506.7916,413.7679,144.47998,-486.90765,605.4897,798.75214,-4.405825,481.21713,795.37714,4.5582356,667.82196,1010.6997,-20.12197,431.43597,1020.90063,-41.654274,732.56726,1232.211,325.76392,381.60046,1233.212,289.62875,725.0415,1259.9521,342.91968,385.9858,1263.253,302.90024,742.4235,1324.1122,15.307933,352.15793,1331.8115,-6.255659
10.jpg,546.6366,365.95575,-496.41226,555.2221,344.25815,-439.4211,562.9864,343.40097,-439.369,570.2629,343.1394,-439.4739,535.82135,347.2167,-442.2578,528.4821,347.761,-442.31113,521.0839,348.70172,-442.2253,581.6586,356.40118,-184.60956,514.32025,358.91397,-191.33182,563.09625,385.96405,-405.7749,535.9617,386.55093,-408.12372,645.522,462.49323,-132.41803,454.93936,454.598,-135.42657,738.4601,363.46567,-281.09802,378.95667,335.2873,-300.63028,759.63153,204.23572,-482.70142,397.98538,170.67126,-493.42484,763.5183,163.01912,-569.9113,396.3836,139.56155,-591.22485,750.2559,154.03214,-591.41644,407.38635,134.00008,-580.1114,745.2981,166.86559,-508.84442,411.24677,146.2777,-507.09827,605.09717,799.2033,-3.34398,478.71973,796.36835,3.4743195,667.1619,1006.93854,-29.857174,430.26498,1020.81866,-51.838966,731.55725,1232.0571,298.3631,379.99426,1234.7002,267.05264,724.03143,1258.3566,313.23108,382.24524,1264.4459,278.79117,739.75256,1324.355,-16.213839,353.3951,1332.8121,-29.138565
11.jpg,539.2925,363.1333,-418.5032,549.3659,342.16153,-362.84167,557.55835,341.76987,-362.82434,566.2021,342.09738,-362.89508,527.93665,344.61475,-357.85764,520.3352,345.72223,-357.8356,513.20447,346.93216,-357.6705,580.5864,355.7752,-120.87979,507.77585,358.4972,-89.70749,557.9937,383.62436,-334.3575,527.99023,384.19333,-325.45215,644.63873,462.32703,-101.09824,454.79846,460.68716,-49.74882,740.24414,380.46323,-382.76895,376.5154,357.5782,-218.5836,764.3283,240.90329,-715.4057,374.95956,200.41663,-408.5978,769.6131,202.74374,-820.35455,373.05545,163.46257,-504.91037,758.3917,196.77448,-839.68317,384.14966,155.55551,-497.3091,752.57776,209.70216,-742.8976,388.56982,166.44524,-424.06055,607.118,803.544,-13.017593,481.6885,800.1833,13.19985,665.786,1019.7452,-32.789803,437.21622,1025.4348,-14.102797,721.54565,1230.2188,343.91116,387.3194,1224.4558,327.60037,713.8232,1254.5758,364.26428,393.59235,1252.2516,342.39493,732.3217,1324.5126,39.67328,358.70758,1328.3282,43.680504
12.jpg,527.8909,359.33563,-526.05756,537.49274,338.46866,-470.49954,545.84796,338.211,-470.49356,553.98016,338.752,-470.65717,517.88617,340.21964,-470.2812,510.36188,340.7057,-470.32474,503.23254,341.65118,-470.23315,566.6721,352.16946,-215.23697,495.95572,352.40222,-209.54358,544.3846,382.35928,-434.9846,515.8148,381.66006,-433.39474,632.39655,457.1948,-157.32448,442.68546,453.05338,-123.903564,723.4347,356.3269,-298.2637,349.29044,346.10837,-241.91937,764.38556,202.55116,-532.32495,328.63965,186.20464,-460.16974,773.76904,161.97491,-623.3692,323.7485,145.73643,-552.49567,763.8708,154.00154,-656.0303,332.29352,137.46165,-554.06396,757.0316,166.12885,-563.90204,337.0509,149.05498,-479.96307,598.9672,797.4761,-10.083219,470.71512,796.36334,10.286516,654.5955,1007.0043,-21.683048,429.02252,1018.76666,-31.764086,706.8054,1227.9823,317.77432,387.19885,1230.1302,298.52237,695.6407,1252.1571,333.9217,395.3413,1258.4773,311.80048,722.98444,1322.2893,12.802924,350.84265,1328.7561,12.457824
13.jpg,521.0561,368.15668,-479.22653,531.71484,346.76672,-421.91534,540.1068,346.43854,-421.91113,548.08,346.964,-422.05142,511.12552,348.37506,-421.5162,503.2041,348.744,-421.55045,496.03278,349.38965,-421.44427,561.9816,360.0215,-165.24759,490.67734,359.1124,-156.22879,538.4096,390.14648,-387.77054,508.65173,389.251,-385.58508,624.0445,465.4862,-120.40766,433.54944,458.37033,-91.26231,709.8973,367.88358,-306.0496,360.39264,341.56058,-239.99445,737.7062,205.84473,-545.1281,375.54318,174.74901,-448.33435,740.6497,165.1048,-641.6249,372.96478,141.60481,-549.00745,728.8659,156.21986,-663.2414,383.99503,135.69002,-541.7932,724.4377,169.10246,-572.48706,388.45813,147.50604,-464.13727,584.4453,802.0388,-13.911232,457.6978,800.5273,14.126363,647.869,1013.37476,-50.51217,417.4232,1023.93756,-39.140472,703.36847,1228.5455,321.39618,377.9641,1234.5696,305.65405,693.82465,1252.9911,340.74478,385.44742,1265.3506,319.96262,714.80054,1325.165,13.037079,348.19382,1328.6682,15.1647415
14.jpg,550.93835,400.74133,-449.01904,560.7172,379.26715,-392.22952,568.47925,378.4697,-392.23907,576.2516,377.7464,-392.34418,538.9372,380.80954,-388.39597,531.0112,380.0506,-388.46997,522.6426,379.65793,-388.4909,588.602,386.67462,-146.42863,514.66077,387.5755,-123.60764,565.35126,421.16547,-362.24182,538.6743,419.4244,-356.45328,644.609,484.03088,-138.71767,461.92108,479.6591,-83.45018,702.0323,356.72098,-349.56772,422.523,340.69284,-241.30235,673.72284,199.27963,-499.05203,481.90424,186.82416,-366.505,664.9645,158.57405,-587.83984,491.25452,153.35927,-460.34393,651.7141,154.31923,-587.0156,504.8373,149.53609,-444.73212,649.41907,169.8401,-513.84247,506.87985,163.06808,-377.34335,609.3621,826.46234,-11.763263,482.84995,824.34033,11.788316,670.8696,1026.2699,8.266481,431.39673,1037.5693,8.9784565,711.5561,1239.018,410.9911,378.4841,1238.4409,384.85086,699.5743,1267.3824,435.3139,375.24313,1264.4657,403.73087,727.14484,1325.2656,128.60811,364.92682,1331.4764,102.638885
15.jpg,543.2564,367.73285,-460.02512,553.16125,346.1745,-402.72165,561.46045,345.45773,-402.70575,569.48846,345.52353,-402.8325,532.6796,348.80157,-403.61185,524.8426,349.46655,-403.64,517.6869,350.399,-403.52255,582.4573,358.37762,-147.60573,511.82764,360.2215,-144.91061,560.40295,388.50824,-369.37656,531.81635,388.96484,-368.97253,644.7894,462.8216,-104.439064,454.09787,455.6354,-86.86869,735.25946,364.52676,-276.66602,376.96008,336.23898,-245.7988,758.7119,207.4046,-498.57187,396.41025,171.82614,-442.09244,762.70386,166.69373,-592.3853,395.31802,141.32208,-541.367,749.89124,157.73592,-613.8611,406.56934,135.67696,-531.5998,745.07697,170.0152,-525.41473,410.47397,147.39314,-456.85052,605.4086,799.0499,-8.978871,478.77097,797.59485,9.186862,670.4917,1011.4518,-46.48417,430.03723,1022.476,-45.90551,730.8657,1232.0461,305.30167,381.15143,1234.1547,285.31772,723.1097,1258.5273,322.8372,384.81042,1264.2312,298.39557,740.14496,1324.4603,-4.235114,351.66782,1331.3328,-7.063293
16.jpg,538.05676,363.82068,-424.25418,547.8989,342.8437,-367.72336,556.19666,342.65472,-367.7149,564.7095,343.18542,-367.7894,526.84814,344.83044,-363.77042,519.4292,345.75778,-363.75824,512.4667,346.90143,-363.59552,578.79816,356.77826,-121.278366,507.61057,358.4454,-94.30189,556.716,384.84186,-338.32587,527.11523,384.41443,-330.67062,642.97687,463.6136,-103.01692,454.37317,460.61484,-61.631084,739.43274,383.7033,-419.64032,376.5591,361.4996,-279.38013,763.00806,242.93224,-782.98303,375.91306,198.90143,-521.8241,769.5539,203.90518,-892.55994,372.66177,161.87523,-623.9535,758.5931,197.6882,-907.95496,383.33963,152.94026,-614.2948,752.2158,210.86523,-809.82324,387.87305,164.07635,-536.9919,608.40326,801.5243,-12.499608,482.66797,797.9424,12.704561,665.80426,1013.4087,-77.6199,435.91345,1021.32623,-73.21207,721.04407,1228.4888,294.3415,389.28537,1224.0007,272.0194,713.38904,1253.9652,313.91315,394.63672,1251.2059,287.06387,729.89197,1324.2196,-13.006242,357.8933,1326.4562,-13.909929
17.jpg,519.30566,347.8413,-471.284,531.68024,327.67618,-423.1392,540.0055,327.2184,-423.1333,549.2036,327.74817,-423.26376,510.66684,329.11923,-415.61362,504.42416,329.77032,-415.6487,497.89523,330.62582,-415.52975,565.91003,340.65005,-185.76556,496.41412,341.7792,-145.7962,540.31335,370.43433,-385.95367,509.82675,369.95258,-374.10498,638.16754,446.20587,-121.69372,444.5413,444.05057,-52.790154,749.7112,364.69754,-297.57092,332.75616,359.08713,-138.66327,810.8322,219.23502,-602.92773,286.54785,207.01994,-370.20233,828.1316,181.57896,-699.3325,273.01932,168.56647,-458.5436,819.30164,176.58676,-737.7655,280.40012,160.98009,-467.2818,811.4011,189.26102,-639.25824,287.91165,173.70691,-393.4702,599.0904,790.7511,-15.976297,471.1828,786.8388,16.142443,649.07404,997.85266,-25.657879,437.1672,1007.6445,-0.86249584,692.8678,1217.7026,307.77655,395.4506,1221.9585,310.8352,678.36865,1243.392,324.2473,409.16418,1252.7455,323.3492,713.0999,1315.4148,10.031687,354.80862,1321.2102,30.300976
18.jpg,520.7685,370.23373,-510.72156,531.2942,348.34064,-453.99927,539.8806,347.90405,-453.99316,548.041,348.3995,-454.13443,510.1492,350.2856,-454.23108,501.8624,350.7319,-454.27527,494.52048,351.44583,-454.16907,561.44403,361.55252,-195.6106,488.30753,361.093,-189.80586,537.813,392.95142,-418.34683,508.30502,392.4534,-417.09192,624.3371,465.9337,-148.285,432.37292,460.44858,-119.36164,708.1123,365.09375,-340.61914,359.63092,341.7631,-268.34412,736.28265,203.3391,-587.0855,374.0786,172.9672,-471.40765,739.33295,163.2407,-685.4903,373.34155,141.2508,-571.92126,727.75397,153.30647,-707.03296,384.4285,134.81262,-563.8027,723.42834,166.2593,-614.76526,388.05994,146.27666,-486.7763,583.3408,802.4021,-13.310066,457.53525,800.8549,13.494769,644.8878,1009.1655,-16.104065,420.55756,1021.3495,-11.799303,703.0876,1224.2521,355.75366,377.79276,1233.366,334.18057,692.31335,1247.0106,375.40594,384.9191,1262.2617,348.79968,716.35376,1325.1229,49.92694,348.09863,1328.5863,42.465763
19.jpg,551.9185,399.1586,-429.2071,561.6666,378.7802,-373.57416,569.69586,377.90143,-373.5921,577.73285,377.29736,-373.70996,539.2467,379.7145,-369.4876,530.92267,378.77652,-369.5486,522.45435,378.05518,-369.5663,589.8372,384.73453,-131.29333,514.3641,384.84134,-106.286545,566.39075,420.0328,-343.16156,538.2242,417.71573,-336.7465,644.0039,482.04047,-131.48553,462.06888,476.69534,-60.50693,702.9302,355.1752,-354.56122,420.7173,339.69354,-216.47632,673.6435,196.70113,-511.5782,481.95612,185.41193,-338.45828,665.25104,157.75742,-600.8779,491.7253,151.53165,-431.62592,650.7873,153.40318,-598.9075,504.68338,147.25795,-412.5751,648.1147,167.78564,-526.08405,507.16312,160.20421,-348.43903,609.7191,826.05115,-20.896421,485.7419,822.5307,20.910126,673.4991,1032.5779,5.9016294,427.43695,1042.3441,28.084433,712.50397,1238.3953,407.1799,379.26328,1237.1868,392.57608,700.6009,1265.7428,431.46915,379.75504,1259.8253,410.637,724.71027,1322.4292,127.55195,363.98758,1328.9387,117.72196
2.jpg,539.44604,371.05527,-413.67584,549.2905,348.33374,-357.09094,558.13385,347.8691,-357.10297,566.224,348.08792,-357.2034,527.1937,351.4548,-354.08344,518.7572,352.4018,-354.06107,511.30542,353.69833,-353.8907,579.06915,359.52667,-108.17681,504.67224,363.1498,-85.07685,558.6675,393.1747,-326.35907,528.4398,393.70203,-319.80667,641.99475,463.94516,-81.79539,455.60144,460.02057,-42.55127,737.2051,380.96594,-370.31845,377.46603,358.73865,-220.29231,763.46924,244.28204,-713.96436,376.62183,195.00969,-422.6919,770.0615,206.34026,-822.30634,375.20258,159.00891,-521.49426,759.35547,200.09377,-839.7377,385.72144,150.26787,-514.14496,752.8975,212.7662,-741.89325,388.81186,161.79474,-438.4451,607.55035,803.9675,-14.709237,482.84155,801.4311,14.9803705,671.7951,1022.1196,-62.565422,437.52213,1023.1946,-54.66189,723.89166,1232.3433,299.3789,390.91693,1227.264,280.93726,717.751,1258.3776,318.1567,397.57065,1255.2775,295.12778,732.8852,1323.5376,-7.1471357,358.92374,1325.8384,-2.961167
20.jpg,540.53455,367.5683,-463.04315,550.5387,346.5292,-407.5992,557.6444,345.3986,-407.57465,565.7172,345.1751,-407.69852,530.3986,349.36313,-407.15375,523.37744,350.13272,-407.201,516.7737,350.96603,-407.0933,580.068,358.32895,-159.00539,511.93124,360.34076,-150.0277,557.835,389.01367,-374.45193,529.7458,389.4235,-372.30914,643.73883,460.786,-112.32455,454.35364,454.07004,-90.469734,736.5127,363.90048,-269.7975,381.41486,339.94962,-238.55574,760.45593,204.7821,-479.58215,397.04474,170.98181,-439.61426,764.5661,165.70036,-569.5668,398.0596,141.03577,-538.76715,751.0579,156.79417,-591.61847,409.6588,135.37068,-529.22314,746.20905,169.19435,-505.8773,411.86935,146.40202,-454.34744,605.1293,799.946,-8.9532795,479.64468,795.7169,9.140877,669.8715,1009.9554,-47.79199,429.32825,1020.9921,-45.851627,733.8281,1233.7623,291.10693,379.47467,1236.7004,271.03387,728.1264,1260.4808,307.45914,384.6078,1268.603,282.53076,743.445,1327.1584,-21.286873,351.996,1331.0023,-24.593822
21.jpg,536.84406,364.0326,-427.39957,547.1596,342.88147,-370.36612,555.32245,342.4797,-370.35516,563.8172,342.886,-370.41708,526.16943,345.32767,-365.8043,518.919,346.38373,-365.77277,512.0027,347.55847,-365.58936,578.502,356.54926,-123.372284,507.9475,358.91904,-93.559425,555.68616,384.43985,-341.6501,526.41095,384.7978,-333.22186,643.3334,463.825,-104.99047,454.74655,459.80356,-60.466713,739.09717,381.77478,-419.08765,374.90045,356.40515,-256.97644,762.11053,244.10147,-780.73206,374.07565,196.73238,-463.88202,768.1784,205.27002,-889.78406,371.74203,161.36491,-562.7491,756.04987,199.4411,-906.1067,383.37207,152.47058,-554.25195,749.823,212.72845,-807.90265,387.8547,163.80219,-478.8187,606.3295,803.0314,-11.854753,482.3173,800.98615,12.014172,666.9709,1017.05853,-53.713314,435.7258,1024.9596,-42.599636,723.19147,1232.5504,306.58292,391.16437,1221.1405,300.67694,714.4863,1257.5134,324.68185,397.0558,1248.9795,315.45535,736.2489,1324.9911,-5.988451,361.5394,1323.9677,17.653841
22.jpg,526.17303,361.1004,-542.0763,536.6008,339.36957,-487.4255,545.0824,339.0016,-487.41556,552.8279,339.2888,-487.581,516.29987,341.7264,-485.0644,508.66055,342.39523,-485.1057,501.3629,343.5296,-485.00443,565.659,351.493,-232.47215,494.77692,353.60907,-217.16399,542.57837,384.28677,-450.96234,513.91895,384.19415,-446.6189,632.4259,460.62103,-169.83774,443.16382,453.19174,-128.62315,724.42535,356.45407,-313.85022,349.19412,343.44647,-236.9983,763.8008,204.28699,-551.1702,324.0958,181.72626,-451.66837,772.63074,164.0283,-643.854,320.594,143.57646,-546.127,763.62256,155.78616,-677.7035,328.8344,135.17108,-548.0847,756.9532,168.52444,-583.72955,333.11548,146.9597,-472.32382,596.60565,799.55566,-8.311919,469.10892,797.797,8.478532,656.55,1013.42255,6.0265737,427.0947,1021.9226,8.568174,704.04315,1225.9785,372.92157,386.1573,1223.7454,359.40906,693.2447,1253.139,392.10092,396.15625,1253.3226,374.58868,723.42316,1319.4941,69.41912,350.12393,1325.2886,70.27875
23.jpg,521.0931,368.14407,-506.0754,532.0312,346.58908,-447.6344,540.6967,346.3794,-447.6151,548.5259,346.96753,-447.75653,511.2984,348.1615,-448.39313,503.2025,348.50345,-448.4369,495.68127,349.1659,-448.34116,562.5424,360.30835,-185.60204,489.27136,359.1759,-182.55469,538.7598,390.77063,-412.7989,508.63074,390.1015,-412.37878,625.21173,466.28708,-129.8296,432.75778,459.06107,-114.4866,711.3434,365.44727,-293.99115,359.49054,342.5019,-261.66302,736.96704,204.43468,-514.2169,372.76697,175.01732,-473.19794,739.6832,163.89053,-607.5158,373.32605,141.9712,-575.8812,727.8955,154.44864,-629.4226,384.0772,135.14703,-567.28613,723.5263,166.82132,-541.067,387.65244,146.42938,-488.58395,582.00824,801.5419,-6.6906075,455.58853,801.0481,6.8661766,646.194,1010.4394,-23.28963,419.29462,1023.79224,-23.16657,701.3591,1221.9338,376.43936,376.64062,1234.6454,334.7267,689.98676,1244.0189,398.84567,384.37534,1263.9691,350.40692,712.39166,1323.4915,72.0779,348.75742,1327.8108,38.15866
24.jpg,551.3904,397.58554,-448.6354,560.82324,376.35632,-394.42416,568.6987,375.80295,-394.4262,576.5531,375.44522,-394.5275,539.20514,377.59915,-389.8699,530.96796,376.79398,-389.9473,522.85364,376.64914,-389.97693,588.1763,385.26285,-158.11305,514.7336,384.44446,-132.13126,565.33124,418.21057,-365.02286,537.6919,415.86206,-358.29492,642.9872,483.29758,-160.51077,461.8484,478.39203,-89.52923,700.41016,352.29068,-376.67563,420.9517,339.2233,-242.55472,671.65985,193.91449,-518.43634,482.38544,185.27238,-356.96164,662.5882,155.62175,-606.1061,491.9348,151.02977,-448.8778,648.4861,152.06192,-604.58264,505.44812,147.23038,-429.1402,646.0414,166.4904,-532.6118,507.57492,160.41658,-366.3729,609.80853,828.2404,-17.301285,483.29257,825.74835,17.254564,674.8687,1034.8146,23.8594,428.08902,1040.4686,32.09948,713.80096,1238.8639,414.726,376.79697,1240.4891,388.39767,701.08386,1265.096,438.53973,372.82495,1266.6311,406.3264,729.2014,1322.6989,145.56897,362.6884,1330.77,120.41482
25.jpg,541.00964,367.41135,-438.5159,550.76044,345.85147,-383.1542,558.4227,344.73996,-383.1428,566.6393,344.5455,-383.26468,530.2593,348.8231,-382.42328,522.8546,349.617,-382.4645,516.14716,350.49918,-382.3588,580.4765,357.91943,-139.37222,511.5511,360.10522,-128.79448,558.3142,388.01556,-352.03745,530.4297,388.39743,-349.38602,644.7897,461.80087,-105.35591,453.7594,455.65936,-72.30164,734.1838,364.32446,-273.5122,381.1912,338.3761,-230.40924,759.6996,205.54224,-474.79254,398.46057,171.50694,-424.53665,764.4431,166.36745,-563.6693,397.21762,140.56952,-522.27734,751.709,157.99103,-584.2038,408.19522,134.94948,-509.22086,746.65155,169.97112,-500.41968,411.54224,146.80783,-438.0939,605.6023,800.64514,-12.737652,478.29587,798.125,12.914058,670.78394,1014.0271,-47.921974,429.95447,1022.0282,-49.5988,732.8681,1234.3186,281.55222,379.00858,1235.9468,260.94165,726.3843,1261.2872,296.92685,382.86734,1267.1964,272.34625,740.4071,1328.0074,-28.098637,351.5884,1330.5947,-26.838537
26.jpg,536.14,366.2704,-426.61505,546.3581,344.12393,-371.09048,554.70325,343.45767,-371.0882,563.3021,343.64536,-371.16248,525.135,347.08264,-367.01303,517.7372,348.30243,-366.9871,510.96494,349.574,-366.82178,577.787,356.01398,-126.17785,506.26257,359.35843,-98.87175,555.60913,387.03238,-341.11078,525.4923,387.76364,-333.3058,643.27783,463.44916,-103.05846,454.12244,458.49228,-64.069214,739.51843,378.11072,-403.03122,374.49356,356.30853,-248.4261,763.1805,244.36185,-758.1023,376.71616,196.99443,-439.93073,769.273,206.69888,-866.9927,375.17908,163.01685,-536.6808,757.98444,200.7192,-885.6773,385.71063,155.20638,-530.1077,751.5514,213.16982,-786.4807,388.8569,165.91708,-455.57043,607.8804,802.9753,-11.199916,483.08023,799.9637,11.429017,665.37445,1017.1793,-28.652035,438.25226,1023.38385,-21.515024,722.6913,1231.3076,326.0113,389.31522,1225.0804,308.19028,714.6117,1256.6101,344.0127,394.58087,1253.76,321.70532,735.06915,1322.9602,20.393446,358.07535,1325.6659,22.341938
27.jpg,527.2566,358.82874,-527.3976,537.5403,337.8957,-472.41666,546.0311,337.66724,-472.41293,554.1139,338.18542,-472.5763,517.75366,339.75815,-471.70245,510.21002,340.22852,-471.75006,503.05316,341.16162,-471.65976,566.9829,351.48602,-217.19122,495.77853,351.89163,-209.07945,543.2913,382.02786,-435.98618,514.80444,381.2524,-433.6973,634.0888,457.28122,-157.49472,442.78714,451.0278,-121.48961,725.1072,355.953,-302.1327,350.3898,347.28555,-236.2843,763.4852,200.9182,-536.2092,327.81927,185.93712,-456.5991,772.85785,159.65158,-627.602,321.95996,145.03766,-549.39246,763.4214,151.86145,-660.38477,331.17285,136.43921,-552.27716,756.5602,164.59723,-567.9739,336.27615,148.59796,-476.79782,599.3231,797.2736,-11.342928,472.51828,794.5799,11.537734,655.71893,1007.13153,-19.969957,429.18094,1021.24,-16.97005,708.3554,1230.744,315.37152,387.0828,1229.6459,309.5108,697.6129,1256.8215,330.87405,395.47894,1258.3312,322.1522,724.51935,1323.725,7.628553,351.9948,1329.289,21.570097
29.jpg,550.66394,396.40884,-438.5706,560.296,375.43604,-384.3035,568.24023,374.8505,-384.31137,576.08026,374.46738,-384.42896,538.79474,376.6948,-378.2413,530.5578,375.9166,-378.3121,522.49536,375.63754,-378.32642,588.3006,383.706,-150.52126,515.60803,383.42334,-117.10685,564.7797,416.99744,-356.15356,537.1598,414.72867,-347.31015,643.0482,483.65015,-162.37764,462.42474,476.54266,-64.66452,699.6965,352.18497,-387.74304,420.71228,334.54257,-206.42546,672.6203,193.66231,-531.8153,484.72504,183.03107,-328.37875,667.39325,155.78719,-621.4322,492.1862,147.55414,-419.5578,652.6247,152.21826,-618.27386,505.86746,143.32811,-401.51505,648.87164,166.16823,-545.3077,508.94894,157.06764,-338.90433,608.8714,827.1656,-26.173077,483.19742,825.191,26.143848,676.4819,1037.6117,2.0602167,426.8746,1045.4084,33.517975,713.7639,1242.5859,392.2953,378.46365,1240.0061,387.96182,701.5724,1269.5352,415.63208,379.21906,1263.5793,405.2399,727.7205,1330.2515,118.24534,362.75803,1331.626,119.54882
3.jpg,528.58075,351.47583,-529.8584,537.7836,330.17062,-480.65167,546.66144,329.81677,-480.65265,555.2716,330.2869,-480.80496,515.34,332.12375,-477.37015,507.4212,332.76498,-477.3926,500.03793,333.78314,-477.24307,567.1715,342.13,-231.17696,492.66977,344.7475,-209.71062,547.8171,373.84406,-438.94363,516.7479,374.28134,-432.46738,638.2668,445.95782,-154.75562,442.82108,447.56033,-108.81689,745.4087,369.80722,-340.56683,334.28027,358.87057,-200.25813,809.346,226.15793,-676.5709,285.02274,206.2099,-433.83633,828.7574,185.77232,-778.54114,274.1695,165.16936,-522.2614,820.2541,180.77615,-818.2948,279.58496,157.57327,-534.70135,812.0327,193.93613,-714.4552,285.73575,170.40642,-457.9579,599.27686,790.52875,-10.282272,472.7917,788.8164,10.451721,651.89246,1004.35565,-4.148945,437.02353,1011.3318,15.59582,695.63,1218.1448,340.70288,394.92303,1224.1398,336.88834,682.8141,1244.4185,358.01312,407.3138,1253.9703,349.98288,713.0554,1315.6442,36.723118,354.52353,1322.6787,48.18167
30.jpg,544.6873,369.02756,-479.7344,553.62555,346.94006,-423.31613,561.70447,345.9966,-423.2826,569.4648,345.77545,-423.39584,533.1791,350.16086,-424.8301,525.10175,350.92517,-424.87762,517.7715,351.97342,-424.78326,581.5899,358.78986,-169.8312,511.8567,361.19446,-170.17108,561.68005,390.2757,-389.39594,533.5679,390.97028,-389.98553,645.7296,463.65314,-117.92361,455.1743,457.2648,-109.24853,737.6317,363.36185,-266.76373,379.87244,334.3358,-265.23782,760.15466,205.75706,-469.0796,398.24365,169.49976,-462.03415,763.7794,165.84593,-555.87317,396.6925,139.89136,-559.95013,751.0822,157.48218,-575.5822,407.7461,134.47041,-549.1291,746.46716,169.65588,-494.2255,411.2134,146.07903,-475.94504,605.0896,800.84753,-6.5517507,478.1962,798.896,6.6755357,671.06,1013.7366,-18.921577,429.4387,1022.3824,-38.893463,733.12286,1232.453,317.58353,380.41666,1234.4686,285.35944,725.2559,1258.7466,333.4835,382.37906,1263.4935,298.01953,742.35095,1325.3143,2.7797203,354.79272,1330.2981,-9.369883
31.jpg,538.4275,366.51544,-428.70288,548.60913,344.47226,-372.23764,557.1021,344.08978,-372.2342,565.4683,344.52542,-372.30365,527.54877,347.21628,-369.3089,519.7805,348.34576,-369.28027,512.6036,349.72998,-369.1147,579.5112,357.95056,-124.119354,506.63113,360.1147,-101.432915,557.7882,388.7786,-341.86612,527.7215,389.027,-335.47238,642.26514,464.0147,-103.55964,454.31845,458.3221,-65.26276,737.278,383.20938,-410.22415,373.8109,356.45972,-257.88956,762.69904,246.3815,-774.7537,375.10574,197.11385,-462.6739,768.9512,208.18434,-884.04395,374.33096,162.09781,-559.65735,757.3466,201.50406,-902.87555,385.42902,153.62723,-553.6337,751.15356,214.52298,-803.3144,388.68625,164.56978,-478.3111,605.96857,804.95355,-11.8789015,481.40567,801.81946,12.122722,667.0718,1015.8211,-45.651264,438.05328,1024.7363,-30.172771,723.2539,1231.9172,314.15488,390.721,1225.183,301.41116,716.2329,1257.6516,332.43738,396.8603,1251.975,314.70544,733.4015,1325.1921,3.2397633,360.09912,1327.0938,12.67254
32.jpg,528.91895,360.6301,-509.7811,539.10486,339.11057,-453.8808,547.6219,338.9605,-453.87704,555.43494,339.52173,-454.03787,518.5242,340.97415,-453.86105,510.61224,341.4518,-453.89243,503.06815,342.42126,-453.7957,567.37506,352.29922,-199.35724,495.38388,352.9486,-194.25813,545.16614,383.53305,-419.51547,516.3579,383.1047,-417.93997,631.1047,459.1519,-142.65656,443.74203,452.9571,-123.27445,722.9445,357.89258,-297.65945,349.74432,343.62988,-260.67993,765.52625,209.16698,-541.7297,328.01895,185.27467,-481.2226,774.9061,167.67114,-635.62836,321.74738,146.54987,-574.5907,765.7196,160.71825,-666.15784,330.33652,138.14363,-575.30524,758.833,173.64282,-573.2318,335.55148,149.7808,-500.79688,596.9882,797.61383,-5.346021,470.98727,796.23596,5.58864,654.4107,1007.2726,-43.113586,425.72162,1022.64703,-72.75091,706.3585,1225.3583,311.2343,387.71695,1224.0723,274.33124,694.19556,1250.9236,329.2181,395.86102,1252.3195,289.6975,722.56976,1320.0902,14.684695,352.83673,1325.2146,-4.340605
33.jpg,525.4023,366.99716,-452.5531,535.8562,345.57224,-393.3364,544.0902,345.57825,-393.35144,551.6517,346.07297,-393.4859,514.80237,347.342,-394.38303,506.52203,347.51505,-394.3907,498.27325,348.15448,-394.25153,563.6225,359.02863,-131.05663,489.27686,358.12698,-128.39374,541.3628,389.90247,-359.65607,511.53583,388.88492,-359.2037,624.2701,464.96512,-92.474556,431.84933,458.65094,-68.12142,709.9517,369.73068,-308.2322,358.86057,345.269,-225.44356,736.396,214.26794,-587.5539,372.7483,177.07787,-434.27814,741.69293,173.22594,-690.65674,370.61697,143.65395,-535.6227,729.9394,164.73126,-711.78174,381.9018,137.00809,-527.7909,724.7787,177.52957,-615.9205,386.89252,148.16202,-449.8117,586.0319,803.73035,-11.796807,457.32727,802.6242,12.0505295,647.7158,1012.03546,-41.22881,417.90027,1025.4745,-33.72278,701.9064,1226.8486,334.57254,375.9689,1234.3401,314.72458,691.1484,1250.4905,354.50085,382.18527,1264.5344,329.57797,713.1899,1325.239,25.29229,350.93356,1329.4196,21.741123
34.jpg,552.7554,399.35727,-438.38913,562.5626,378.81207,-381.9004,570.4078,378.10983,-381.90543,578.1388,377.5131,-382.01135,540.09894,379.72992,-379.5084,532.0777,378.79172,-379.58804,523.47723,378.1803,-379.60992,590.04114,385.91504,-137.85014,514.3527,385.7425,-120.917046,566.77686,420.05148,-351.92496,539.3583,418.0413,-347.82944,642.78644,483.93137,-132.20654,461.5268,478.27625,-82.00458,703.5892,356.4973,-346.9049,421.2472,341.2133,-247.92708,675.6143,197.2086,-495.05682,483.6938,185.6719,-367.93134,666.24115,157.56642,-581.2197,494.07428,152.22159,-459.7042,651.60016,153.27127,-577.5859,507.52338,148.73488,-440.21353,649.2475,167.8355,-508.78064,509.45508,161.6071,-377.14572,608.74396,827.3459,-15.800992,483.1243,824.01355,15.785604,674.0688,1035.2765,-4.2403193,427.834,1038.5312,4.4174304,711.7636,1240.9125,378.01843,377.16968,1239.6772,357.11835,700.525,1268.4875,400.20322,376.26093,1263.4572,373.91635,725.8924,1325.0839,97.33961,365.2411,1331.1466,80.88355
35.jpg,544.3162,366.21735,-460.97766,553.11115,344.5471,-403.77612,561.03845,343.6323,-403.7485,568.8483,343.43414,-403.86374,533.1539,347.70172,-405.13965,525.4681,348.5914,-405.18622,518.23413,349.78653,-405.08878,581.0534,357.294,-153.81111,511.7755,359.81842,-153.22237,561.5578,387.11337,-372.6103,533.345,387.51193,-372.91568,645.5719,462.6344,-114.41838,454.2429,455.20377,-98.96836,735.24207,364.55878,-272.36505,381.75958,336.10443,-258.82166,758.60114,205.05829,-480.32712,396.62076,170.65182,-455.2184,763.097,166.0957,-568.80774,396.22586,140.46085,-553.49133,750.4731,157.22308,-589.2939,407.0553,135.12556,-542.6003,745.68134,169.53711,-506.10565,410.17987,147.10272,-469.39893,605.8685,800.56775,-8.273976,479.0486,796.8373,8.407646,669.2722,1008.2809,-46.53541,429.59045,1022.6025,-52.162273,732.7869,1232.7684,302.67685,380.87537,1232.9702,274.50784,726.13745,1259.6841,320.11368,384.21814,1262.3119,287.31824,738.77936,1326.1022,-8.744392,353.088,1330.8502,-18.701859
4.jpg,522.3414,358.93826,-469.08832,532.8337,337.143,-416.17004,541.71967,337.0239,-416.19055,549.9527,337.55054,-416.3554,511.40558,339.1427,-414.42032,503.09775,339.69516,-414.4241,495.52042,340.83304,-414.27338,561.92523,349.5296,-168.9103,487.33188,350.65936,-152.62558,539.90656,382.10846,-380.4928,509.83807,381.7514,-375.64572,626.72095,455.1955,-118.5948,432.07718,448.79742,-79.378716,726.5831,368.29895,-328.0144,339.08087,353.8476,-215.23991,776.44696,227.55858,-636.54877,313.89468,199.97957,-437.90594,788.9213,187.41795,-737.2131,306.93832,157.17857,-532.09106,779.77234,181.47153,-770.37524,316.28525,148.62473,-533.1426,772.81116,194.85822,-671.0078,321.94186,160.92699,-457.843,585.16345,792.45123,-11.962781,457.55197,791.10895,12.204578,640.28876,1000.57983,-55.416096,422.92813,1015.2265,-33.687775,691.81104,1221.1292,263.63782,391.3199,1231.8557,259.27972,680.8039,1247.5061,277.53503,405.11215,1264.4645,268.64734,711.10626,1317.7904,-40.989544,346.28128,1328.3774,-22.495092
5.jpg,538.5743,363.89673,-428.67184,548.93665,343.35117,-371.52786,556.5793,342.57895,-371.51358,564.9269,342.67044,-371.6208,528.78827,345.52994,-368.6334,521.6897,346.20834,-368.67343,515.1766,346.90155,-368.56577,580.18304,356.33392,-122.44396,510.59442,357.66452,-101.63383,555.8262,384.2063,-341.07153,527.88605,383.72275,-335.45383,646.10095,461.47366,-90.66614,453.6792,454.38553,-40.60554,733.50696,367.22104,-299.21985,377.71426,335.34866,-184.09688,759.0992,210.25954,-548.9391,395.0729,171.50621,-387.3859,763.2861,169.96642,-646.5519,395.25836,139.69489,-486.87863,749.9136,160.85786,-664.4427,406.88766,134.58345,-478.87924,745.26544,173.63654,-574.5714,410.452,146.16943,-402.99603,606.53265,802.0248,-19.28867,478.22714,798.26996,19.506691,669.4087,1011.882,-65.34219,430.36533,1020.72504,-55.91408,732.42737,1233.6809,282.14194,380.20877,1234.0967,272.25977,725.0212,1260.7894,298.7651,382.5952,1263.1062,284.62778,738.8122,1327.8282,-34.07812,351.60916,1331.3502,-22.542845
6.jpg,542.19995,365.07553,-420.78244,551.9156,343.64276,-364.91815,560.3165,343.4108,-364.91776,568.59656,343.98676,-364.99167,531.3358,346.10297,-362.01505,523.55945,347.0844,-361.98386,516.3138,348.37524,-361.81607,582.5641,357.84695,-119.43662,510.21548,359.51443,-97.082466,560.69635,386.91995,-334.7295,531.1468,387.2661,-328.37704,645.3317,463.4251,-96.73722,457.8185,459.70746,-55.24622,741.11224,385.03018,-397.72928,376.18274,356.10837,-227.76292,764.67914,246.27269,-756.2914,374.34317,198.59926,-422.22678,770.0705,208.33862,-862.8865,372.30945,161.32428,-515.28094,759.36597,201.76349,-879.75037,383.2845,152.87523,-510.14398,753.47833,214.8186,-783.6207,387.82172,164.1697,-437.75336,607.6728,801.77795,-14.229798,482.52972,798.377,14.464664,665.7914,1010.93604,-51.42256,439.4197,1019.6297,-37.6817,723.21924,1230.0076,282.38672,388.83615,1225.9702,274.162,715.8112,1255.2521,298.08755,394.8405,1255.4232,285.6387,732.0837,1324.4667,-26.641464,357.09412,1324.7957,-10.949101
7.jpg,522.3626,361.7972,-530.8287,533.24243,340.11038,-479.16348,541.769,339.40417,-479.14392,550.28796,339.64218,-479.30444,513.1,343.01187,-475.25424,505.84238,343.98245,-475.29855,498.96878,345.26306,-475.2077,564.4604,352.1009,-231.91695,493.70755,355.05725,-210.23236,540.4491,384.9727,-442.0445,511.41696,385.16046,-435.7913,632.7232,457.9849,-163.87662,444.36093,453.13394,-119.42494,725.7535,356.80563,-293.8088,351.21945,342.02744,-217.48788,764.8277,200.61887,-518.4359,325.3918,178.6783,-429.5799,773.72125,160.48256,-607.0385,320.89478,141.03537,-520.0183,763.8578,152.23843,-640.6038,330.0352,133.1263,-522.8654,756.8215,164.8835,-549.69977,334.39807,144.65971,-450.08514,597.9792,795.01276,-7.1526866,471.4969,793.6971,7.3167143,655.26697,1005.12787,-8.237976,429.25632,1019.6133,-19.43794,705.00055,1229.1595,315.09338,386.33575,1227.4446,297.40607,693.1004,1254.5848,330.2177,395.19156,1256.7869,309.48697,723.9503,1319.6744,15.025816,350.95242,1324.2932,10.836582
8.jpg,520.8002,368.57452,-476.44464,531.7734,347.04132,-419.58105,540.38165,346.61798,-419.57,548.1875,346.96777,-419.7051,510.98853,349.2297,-418.7185,502.80893,349.58838,-418.7484,495.20102,350.2324,-418.63217,562.33136,359.55887,-163.49591,488.84097,359.53494,-151.78822,538.522,390.4405,-385.11334,508.6684,389.6709,-382.1153,626.0517,465.42975,-124.38166,431.20282,456.6819,-83.941895,711.73175,368.02673,-332.37134,358.14673,343.13608,-232.45226,735.5931,210.6171,-588.88025,373.41565,175.26295,-435.9007,739.1375,169.26376,-688.7393,371.3348,142.35565,-537.15576,726.8219,160.2205,-709.62946,382.5419,136.038,-527.51447,722.0811,172.81284,-616.40625,387.21075,147.53798,-450.95685,584.0109,802.2757,-19.756256,456.2054,801.3837,19.959965,644.906,1010.4947,-33.09175,418.2937,1028.6074,-13.769968,703.9475,1228.1458,338.64877,379.23654,1233.6951,326.99106,694.3163,1250.5719,358.17587,386.75604,1260.7839,341.06018,716.0649,1325.6044,30.880224,350.80945,1329.7832,37.8741
9.jpg,548.9015,384.2852,-433.30292,558.26227,362.5016,-379.75882,566.3973,361.88724,-379.76184,574.0409,361.99103,-379.88348,537.5741,364.04837,-374.91412,529.36633,363.60397,-374.9956,521.9208,363.4956,-374.96365,586.8108,374.2602,-144.99556,516.8472,371.91016,-116.56937,564.3488,406.1729,-350.12115,536.37036,404.34726,-342.48413,646.10156,473.85596,-127.926796,461.8653,463.59937,-69.89614,720.24817,359.66617,-326.94388,405.9531,334.7496,-215.16666,721.42645,187.81636,-496.75378,439.55344,170.0588,-384.63095,718.43414,150.32104,-585.4571,439.7456,136.14397,-481.3295,708.3133,143.88101,-592.851,454.4301,130.7516,-469.56992,706.25555,157.3054,-516.0462,458.98276,143.61284,-398.64957,609.24945,811.9628,-16.316593,480.59122,811.5592,16.395584,673.20917,1023.8893,-24.18255,433.69507,1025.968,-17.74765,715.6102,1234.7758,348.02393,376.83878,1238.3029,319.58286,704.192,1259.4502,369.44937,375.1204,1262.2941,334.80722,727.09015,1327.3835,61.870674,371.21866,1331.6624,38.0237
