1.jpg,622.0031,138.57527,-275.3447,630.5916,123.3264,-301.5351,633.8863,122.89925,-301.62927,637.4066,122.55139,-301.75177,627.205,123.594055,-255.23698,627.5964,123.41743,-255.16988,628.00977,123.264046,-255.19914,661.6077,128.32095,-337.85297,647.40765,129.1792,-127.5265,634.01184,152.76825,-282.9845,629.42316,153.06868,-222.26945,705.8025,215.50516,-403.16214,643.5785,217.85095,48.961525,727.18097,332.3331,-444.07123,651.852,325.9156,133.79495,750.2722,432.75742,-424.96744,637.4388,401.34,47.88571,763.50134,466.54642,-465.0156,627.91473,428.18198,39.45734,756.1208,468.82364,-480.3353,626.8275,427.06396,-9.697674,749.9452,458.22882,-428.45303,642.3381,424.8888,22.141556,675.7101,425.17105,-136.37314,632.4521,424.63248,136.33345,685.17474,575.58264,-103.7343,637.3941,560.22656,318.74335,696.3995,717.2825,30.347483,653.4767,683.0995,570.0863,710.46844,744.866,33.13956,666.9939,701.90497,587.3213,645.28,767.0361,-136.94374,592.82275,718.09625,500.6181
10.jpg,617.0423,139.16515,-353.81525,626.07947,125.126595,-365.00708,629.59906,124.45542,-365.14206,633.449,123.66696,-365.30896,621.67957,125.9206,-324.81772,621.6734,125.891365,-324.72012,621.63513,125.76073,-324.6972,654.9411,129.84496,-337.42435,638.80023,131.66708,-154.86305,627.93243,154.14009,-338.18988,622.1576,154.13892,-285.5753,695.82416,211.94759,-376.66702,638.28766,215.24025,69.51938,738.76953,314.1475,-412.75253,645.74963,301.72284,203.14876,780.1846,401.14844,-453.47617,637.8793,373.31296,115.70368,801.05707,428.1523,-499.06802,632.42596,396.73907,108.77232,796.29926,432.7295,-523.7032,629.58215,398.27087,50.699223,786.9971,424.76123,-461.83105,633.33563,390.47943,86.82583,666.09534,418.93616,-141.49815,625.3732,416.20703,141.54243,681.233,571.2641,-103.898834,632.1383,554.9428,319.1303,693.65924,716.21643,-6.314457,658.41437,677.6365,570.165,708.0308,742.3738,-7.571032,672.78595,697.35364,585.2521,642.0142,763.5288,-191.47081,592.70074,717.3665,484.10986
11.jpg,622.77185,139.20233,-298.29208,631.7672,124.80269,-315.60925,635.2159,124.42954,-315.75024,639.304,123.9232,-315.91046,627.8252,125.15242,-272.58423,627.88403,125.138435,-272.46643,627.8356,125.05821,-272.43054,661.9112,130.41309,-315.37115,645.05005,130.96962,-119.79103,633.2761,154.2126,-292.2629,627.45074,154.10352,-235.89789,696.91034,211.07808,-369.66006,646.5223,215.34346,86.75072,742.3922,312.71167,-398.95316,664.57416,310.6741,197.55919,779.89886,399.16846,-402.9525,668.8688,388.0434,106.115036,800.5097,423.48535,-444.65848,666.8238,413.8824,98.77352,792.6418,428.22733,-463.46463,664.2012,413.71313,44.952747,782.8937,421.375,-407.92093,666.49615,404.4219,78.72406,663.2123,425.7258,-141.59053,624.827,423.54742,141.60779,686.2141,575.20123,-72.03651,634.49664,560.688,318.43033,694.4099,715.9909,46.7883,658.0198,683.599,558.559,710.64734,742.2633,48.10613,674.40753,704.2707,573.6887,645.57074,763.39954,-123.523315,595.2434,720.46216,484.4147
12.jpg,617.64923,138.89978,-307.59152,625.32355,123.85113,-329.8433,628.67474,123.16894,-329.94733,632.3263,122.42685,-330.084,621.60187,124.56257,-287.49637,621.7991,124.50075,-287.3985,622.0035,124.34453,-287.39404,654.1144,128.4331,-347.8281,639.9233,129.56645,-158.41913,628.7086,153.21584,-308.87747,623.51996,153.45175,-254.06804,692.52704,209.7906,-413.5616,641.4889,214.52837,36.63656,733.61,313.59265,-446.81494,664.9081,313.88052,135.64732,765.75946,404.2785,-432.36282,665.9359,388.9736,54.63318,783.3802,432.60236,-472.8291,662.6723,413.86148,49.127117,777.0125,438.77277,-487.28986,659.3192,416.55856,-2.1404686,767.03296,429.147,-435.01965,662.79315,407.38647,28.729515,677.16144,417.31186,-134.60747,636.44476,418.4543,134.59523,687.3385,567.2158,-90.4502,634.29504,550.6877,337.5767,693.60675,716.19275,-7.1320605,648.1128,680.38153,587.5514,707.8178,741.98773,-8.68609,661.352,698.9709,604.30975,640.73346,762.6989,-173.67574,585.49176,713.2252,526.0279
13.jpg,627.6148,133.93152,-246.96805,636.45715,119.095116,-271.53397,639.7373,118.370346,-271.58167,643.55365,117.767586,-271.598,633.4275,119.74263,-226.0324,634.1498,119.43908,-225.99602,635.0416,119.17748,-226.0118,666.49414,124.90454,-315.27365,656.1281,125.1317,-110.62046,637.46497,148.80789,-259.38342,633.5398,149.38425,-200.10904,700.0212,207.55861,-418.74838,635.6834,222.50983,67.84137,686.6581,320.87848,-495.03473,616.4169,325.4633,159.53893,653.00195,422.87866,-526.22797,584.5133,411.25375,61.342834,649.4976,456.74765,-580.3626,572.0646,437.8158,54.017998,636.43353,455.16043,-586.9911,569.75104,440.97397,-1.78953,634.9605,445.2598,-526.5536,578.39844,431.60605,33.127934,674.5387,410.65292,-151.63098,637.07104,411.20685,151.47662,679.8207,558.8578,-139.46448,644.3813,543.11035,329.30606,694.01355,714.6252,-78.72858,658.9411,684.3736,525.0994,708.63904,740.8216,-81.77206,672.13464,705.14636,537.7773,636.3595,765.0166,-245.09451,591.88074,717.48047,463.5632
14.jpg,614.9221,158.93233,-289.29446,620.1286,143.98924,-310.5693,623.91223,143.0595,-310.63998,628.32983,142.07655,-310.65442,615.73566,144.9576,-266.09103,615.914,144.71822,-266.09576,616.16187,144.40775,-266.18222,651.74347,143.67636,-323.10995,637.41345,145.63574,-123.36775,629.10504,173.67284,-288.83456,623.2377,174.51247,-230.96828,691.1951,224.65298,-412.76633,629.67804,230.55159,84.712166,630.14655,330.13797,-473.82153,578.408,312.96112,158.09972,556.2754,396.6505,-449.4875,517.7138,383.5008,4.3455043,539.88806,419.67484,-505.80396,499.3366,404.95172,-14.91503,530.8514,412.925,-511.4802,500.91333,405.12927,-70.06393,537.0289,404.68137,-449.62613,508.62222,399.32343,-25.5526,706.7379,422.34586,-154.1678,664.5475,417.44812,154.02657,678.21893,569.6884,-156.4078,640.313,554.0847,278.91354,692.63104,716.8626,-50.45723,652.0873,682.64545,477.13992,706.21204,740.5341,-49.92712,668.82336,703.88635,489.05148,644.6205,761.5869,-209.91083,592.28986,718.23193,405.54068
15.jpg,613.1406,140.2418,-269.69025,621.1452,124.82915,-289.05222,624.0161,124.20255,-289.1881,627.55206,123.353226,-289.34238,617.96106,125.37586,-243.6905,618.23175,125.235756,-243.57483,618.43884,125.112366,-243.55078,650.6933,127.48565,-296.1295,636.2535,129.64058,-90.5057,624.3283,154.19888,-266.2578,619.5991,154.55779,-206.92256,690.8871,206.7726,-362.65787,644.8378,212.86047,114.91167,734.7996,309.18588,-424.1329,664.1841,304.5251,219.21756,771.7199,395.50513,-450.9598,667.3867,386.25217,124.589035,790.28345,422.01184,-497.5561,664.4968,412.08792,118.591644,783.4034,426.78253,-511.9265,662.1844,414.2046,63.906387,774.765,421.00876,-454.9377,664.521,404.95538,96.78385,661.8226,417.5245,-150.13803,626.68054,416.94577,150.15874,680.7189,574.1549,-116.527504,632.24005,555.5221,317.1967,696.2328,715.87634,-33.507366,656.06683,680.7677,537.0315,710.6386,744.00745,-34.836617,672.51135,700.7816,550.42017,647.2271,765.264,-205.02618,590.9997,716.3579,461.4306
16.jpg,628.7809,141.89981,-295.7569,637.86,127.65073,-317.9006,641.59845,126.92423,-317.9495,645.93304,126.00588,-317.9787,633.75494,128.31343,-274.38782,634.16504,128.1229,-274.37332,634.69476,127.792114,-274.40985,669.22015,130.6662,-345.88806,656.01434,131.73853,-151.68074,640.185,157.90527,-301.9302,635.5948,158.26529,-245.67073,703.7813,213.44543,-446.3079,642.22144,228.50375,47.133274,694.67883,329.76773,-512.6499,617.5892,330.33392,143.67468,667.63684,433.31946,-533.692,572.9852,406.78915,45.814964,669.362,465.9355,-585.309,559.24634,432.1478,42.12614,656.1699,465.68823,-591.5436,558.15485,435.1471,-13.707693,654.7575,455.23468,-533.3645,563.9237,427.35107,17.686617,694.96405,419.41412,-151.04218,652.4792,418.62103,150.86018,677.13446,576.88904,-123.834564,638.25806,559.368,306.21747,692.845,717.2424,-32.570545,658.2341,689.15906,498.69336,714.0118,741.03015,-32.62993,673.5219,708.0993,510.79443,644.07056,759.7862,-185.93272,590.0051,721.37836,436.36722
17.jpg,611.10364,138.85895,-287.01828,619.462,124.624725,-307.13678,622.5721,123.81618,-307.25797,626.1273,122.88611,-307.40475,616.2426,125.23389,-263.42426,616.794,125.093376,-263.32724,617.2914,124.81573,-263.29718,649.60516,127.982994,-319.38077,636.11786,129.78333,-121.940254,622.7806,153.6292,-285.84857,617.7898,153.6694,-228.85516,693.43695,209.28705,-378.3826,639.4221,213.43607,80.99869,748.70685,303.35156,-416.7235,659.56824,303.67523,203.34549,793.9607,390.93613,-435.75244,655.3615,379.08783,121.128075,817.3493,417.61926,-479.5135,650.77264,402.92645,113.476074,808.80865,423.6783,-499.89578,648.0645,404.49878,58.214123,798.0048,416.90594,-441.5621,651.5814,396.04382,93.02519,659.86017,419.0547,-145.37248,624.4844,415.54117,145.3485,677.60095,569.8275,-81.90129,632.5506,552.07715,338.09998,693.08075,713.4287,21.876781,655.17017,675.48724,592.5489,708.87946,743.2658,21.955164,668.5819,694.6402,609.41895,640.09534,762.83905,-150.88924,589.2882,712.2363,522.87354
2.jpg,626.36694,142.89171,-225.93036,633.23566,129.6192,-250.11363,636.6391,128.77206,-250.18777,640.93506,127.714005,-250.2015,628.87476,130.55817,-205.28685,628.9886,130.39392,-205.2635,629.16833,130.11401,-205.337,665.145,131.21332,-289.41534,650.40485,132.99191,-88.32304,638.5737,158.61331,-235.86842,633.45465,159.7496,-177.61652,703.6074,211.31076,-399.37433,638.677,225.41042,105.005165,673.4165,317.33075,-482.44073,594.8772,309.3378,202.93661,619.21106,408.90695,-514.4977,537.1015,376.86447,108.79015,605.582,437.41284,-568.468,511.80637,401.47528,103.83885,592.4164,436.81946,-575.6758,511.31525,406.86707,50.61167,598.5159,426.94388,-514.97565,521.5681,401.21542,80.78811,695.0246,414.24023,-149.77876,651.6418,411.99832,149.59587,704.5685,577.0188,-141.92665,647.56335,549.3852,283.65344,697.1858,719.5119,-68.25569,653.9607,681.9302,460.74213,711.2329,743.6922,-70.07976,665.1806,702.15924,471.36813,644.5227,762.7501,-226.00404,587.9993,714.6186,397.4079
21.jpg,605.4335,143.06244,-258.41425,613.1262,127.22138,-277.2959,616.2382,126.121376,-277.4307,619.25336,124.9343,-277.5686,608.7444,128.9717,-233.80147,608.72205,128.98996,-233.71411,608.79913,128.87738,-233.69131,641.9682,128.5892,-283.98743,626.0312,132.39352,-85.45608,617.3141,155.793,-254.89804,611.10986,156.69516,-197.65889,690.4838,204.63606,-330.69373,636.5653,218.44118,110.30726,744.0331,293.13,-363.9113,652.9588,310.89816,249.7975,809.1651,370.30365,-402.05246,661.9535,379.87012,186.46233,836.16693,391.21677,-444.6106,664.27924,396.14212,178.31606,830.92664,396.85806,-471.19284,665.17194,391.18045,128.62714,819.06824,389.8149,-410.72626,665.60645,386.77847,161.2936,662.5663,418.84875,-145.35094,621.9533,418.86658,145.43105,676.5564,566.74835,-104.66154,630.60815,551.53705,326.53824,691.28595,713.4117,-20.401485,658.7134,677.7914,577.8251,707.95435,740.0552,-22.205212,674.2796,698.95734,594.20306,640.78424,759.8704,-201.26698,593.234,714.54736,506.08392
22.jpg,616.0977,135.25813,-298.42926,625.97186,122.27681,-321.4483,629.33966,122.04595,-321.56918,633.06323,121.659424,-321.72998,622.0518,122.24106,-276.34653,622.414,122.14502,-276.2483,622.7214,121.95468,-276.24377,656.9979,128.59346,-345.85468,641.7646,129.1379,-142.49527,627.01495,152.17871,-302.1444,622.04297,151.87923,-243.42455,694.0012,214.7284,-415.7785,636.3713,218.50291,48.622032,729.55096,323.3649,-456.35226,651.89343,316.41104,142.71017,758.7429,419.97482,-437.10266,639.6159,400.7337,62.98459,775.0309,448.04254,-477.90744,631.76056,425.87286,57.019505,766.8283,452.3944,-493.499,629.4679,429.03476,4.1844997,758.4576,444.94983,-440.78625,634.812,420.1664,35.58907,666.9762,425.8684,-136.28828,628.7482,425.5653,136.23672,686.06506,579.4318,-73.57337,637.4142,559.9432,324.98633,695.1325,717.46075,62.97327,657.34686,684.828,585.67957,710.9318,746.07513,66.46853,673.26917,705.72003,603.3695,642.595,764.6823,-100.78497,592.78723,720.36597,517.8241
23.jpg,607.09406,144.25298,-282.52908,615.1287,127.90624,-304.01382,619.02313,126.879265,-304.08313,623.27,125.96136,-304.15503,610.8724,129.12233,-261.1137,611.11005,129.09827,-261.0849,611.4244,129.06593,-261.14822,646.3495,130.9857,-329.77603,630.4288,133.22672,-137.83179,620.6934,159.32274,-288.10242,614.6253,159.95221,-232.45543,692.7224,214.78656,-412.9941,625.93713,228.16476,41.113464,695.5798,334.37717,-460.81262,632.69495,335.03656,123.10241,703.7553,439.57755,-440.708,623.5612,412.79364,37.3143,716.4139,470.70416,-482.62787,618.2471,437.3633,33.89161,705.55457,471.24573,-490.10782,617.3561,435.53665,-13.664052,698.59424,459.9612,-441.05,622.47534,429.98984,13.112835,693.05115,430.08362,-140.57982,650.17035,429.85025,140.49985,678.8509,583.97504,-107.889046,635.8227,565.89575,294.7921,694.9815,713.3445,11.910915,659.6168,688.37775,509.67184,717.5503,741.0305,14.20454,674.70435,706.1733,524.2677,645.06494,762.8445,-135.3908,594.48425,725.9245,450.52875
24.jpg,618.6844,145.39812,-331.12616,625.9342,130.20886,-345.63538,629.2953,129.24979,-345.76053,633.1407,128.1337,-345.90323,621.963,131.20148,-305.9321,622.0926,131.12567,-305.8368,622.13794,130.9964,-305.842,655.92505,130.56467,-331.17627,640.0755,134.0655,-151.74506,630.83325,158.46771,-320.92734,624.6096,159.39023,-269.01764,697.4221,210.52481,-371.87274,638.1893,217.12358,50.863895,735.0476,312.6459,-401.66376,655.6774,315.11722,151.47499,768.6912,402.82285,-413.98804,648.96295,391.4035,49.993973,787.35736,430.51547,-454.91528,651.0804,418.40085,40.856136,780.3811,435.02142,-475.56973,648.09955,421.09583,-14.46364,770.52386,426.08392,-420.21674,652.15967,411.9593,22.040981,678.7665,417.7088,-128.78494,637.7067,416.6614,128.83707,689.19653,572.223,-116.77972,635.2605,550.0414,287.91077,694.06604,714.28986,-39.929966,650.1083,679.6014,518.53326,708.714,741.8201,-43.67618,664.2314,697.42255,531.85315,642.0672,758.02545,-220.90979,584.942,714.60736,435.3817
25.jpg,611.1011,134.50873,-246.98119,621.0416,120.78378,-269.77927,623.74207,120.400696,-269.90317,626.80383,119.81055,-270.0341,618.2834,121.09922,-223.39853,618.93536,120.97218,-223.2948,619.4618,120.736725,-223.29651,649.5139,126.351746,-293.65903,637.3515,126.538025,-84.731125,621.68823,148.55902,-250.42848,617.2621,148.65355,-190.0598,690.3615,205.42516,-367.15924,635.532,212.92633,115.94986,738.55396,301.4242,-442.13052,650.7418,299.45862,246.52142,781.8024,391.0767,-498.84244,638.2178,376.49414,187.54768,804.3422,415.99933,-547.4724,631.3702,400.03223,188.43921,798.16113,422.37463,-564.1556,629.25696,402.7174,132.08221,788.4645,415.69803,-504.76764,633.35645,394.74994,159.72993,666.32495,414.23386,-148.9359,629.0237,414.64563,148.98293,683.14355,569.66815,-110.17373,633.503,552.3778,335.94348,694.3109,714.72394,-24.209614,655.42694,678.54266,579.77094,710.7238,743.8441,-25.425888,667.56085,693.72363,595.1056,642.9207,765.16864,-199.35794,588.76843,713.8586,507.13177
26.jpg,607.58673,141.28395,-280.55698,615.2421,125.62022,-307.36066,618.2757,124.83112,-307.45715,621.5879,123.98663,-307.5948,611.7169,126.525116,-259.50876,612.16516,126.32375,-259.42075,612.6664,126.10231,-259.4358,645.8226,127.68112,-342.88483,632.925,129.48093,-128.04718,620.63135,154.85399,-287.69403,615.28143,155.53116,-225.55792,690.2863,208.4209,-404.88882,637.9382,211.18556,61.311573,736.696,311.66318,-439.5444,657.2939,302.86368,158.1348,780.0804,404.89005,-426.8384,653.49084,385.26398,70.74648,800.10443,430.65613,-467.955,648.4876,409.5774,64.036995,796.6584,436.42456,-484.64218,646.4412,412.80896,10.8849945,787.07654,428.12762,-430.86157,650.23755,404.23523,43.270535,669.0753,415.46317,-140.63159,631.0168,414.70798,140.60898,680.62213,567.782,-88.03537,637.81195,552.6138,324.88635,692.8954,714.3354,13.018485,657.6802,676.31415,568.90326,710.1595,740.6775,13.056191,670.023,694.76935,585.1958,641.5417,763.72064,-154.01517,590.8176,710.54694,501.8255
27.jpg,609.284,146.86877,-366.77106,616.029,132.6605,-381.43463,619.6281,131.7941,-381.56027,623.5699,130.69946,-381.72015,611.3817,133.3958,-340.22412,611.3763,133.21541,-340.14767,611.39105,133.01567,-340.16425,647.349,131.99095,-364.66965,630.4784,135.13452,-177.78125,623.5066,161.04874,-355.18555,617.9763,161.60815,-301.17355,692.6456,211.84718,-401.71115,633.9248,219.23613,29.708838,724.9537,324.75092,-432.99545,648.3035,323.07025,130.79053,756.39197,417.5853,-435.64804,648.3374,397.9248,26.482134,771.9344,449.10452,-476.8306,643.12,422.22922,17.44755,764.2597,452.9104,-494.13797,639.08594,424.66107,-38.166615,756.5752,442.71353,-440.6213,643.6149,415.9156,-1.5945598,671.9298,426.8794,-137.93047,633.2873,425.76358,137.95763,681.5552,572.343,-115.531006,631.2867,549.9038,312.6884,695.4039,715.44275,-22.654802,657.2739,681.6421,567.19006,710.9315,742.8006,-24.0207,673.0256,705.36664,584.21326,638.5134,761.7728,-198.54182,588.0516,718.7043,493.80682
28.jpg,603.74786,142.01408,-326.0945,611.64594,126.01452,-349.99734,614.82056,125.21027,-350.09763,618.5854,124.16075,-350.2562,608.11816,126.59084,-305.52536,608.37054,126.39739,-305.44925,608.5251,126.17726,-305.45972,642.0002,128.25023,-375.25507,626.72424,130.45064,-175.92838,615.958,155.82245,-329.69858,610.94574,156.16562,-272.06458,689.902,210.40929,-431.7385,637.7175,214.89594,17.306505,737.6789,311.07193,-456.35748,666.4533,311.3143,128.26828,773.72504,403.45233,-429.9529,677.8569,382.25165,48.384056,794.9605,432.38953,-470.35873,678.29785,406.04782,42.12835,787.54486,437.99478,-483.59515,674.7092,407.61093,-9.285034,776.7064,428.01544,-432.12033,676.6375,398.72058,22.452744,680.9541,422.9556,-135.27693,643.5842,422.53397,135.23154,688.6625,577.921,-22.739283,635.10803,559.1066,342.99072,696.267,714.23285,132.01299,657.55255,679.0787,596.01794,714.1977,740.0498,137.98836,672.04645,698.4003,614.0217,646.7569,759.21313,-14.804837,589.0763,715.33295,533.4411
29.jpg,618.452,138.91916,-215.76646,626.54175,123.94577,-244.98576,629.333,123.06325,-245.09863,632.2946,122.10701,-245.21959,623.92413,125.169464,-195.90894,624.6357,125.105385,-195.8152,625.4186,124.93727,-195.7829,655.7364,126.710495,-291.01334,644.3854,128.81778,-66.7961,630.90076,151.93764,-226.05215,626.3825,152.36539,-161.38805,705.6237,207.0324,-348.55026,650.3315,213.34337,103.711586,757.09247,298.33374,-377.0854,663.6992,303.84045,210.38962,818.43317,377.36084,-387.3931,679.2034,376.1562,118.904625,842.7229,402.56073,-431.7693,689.4346,395.5505,103.24048,835.714,407.87173,-455.1892,692.7252,392.63654,53.796997,825.8227,400.09723,-394.48334,692.8582,385.8315,92.76495,663.98425,417.30157,-148.01726,623.9233,416.00912,148.07,680.56067,566.9576,-118.74596,631.7546,551.39636,346.0521,695.09,714.34955,-46.883293,656.2921,679.3821,594.9541,712.66254,740.9964,-50.40871,671.5166,701.3617,611.227,643.3784,764.4538,-232.54692,593.4682,717.97046,526.7879
3.jpg,634.2223,134.28098,-281.76617,643.9791,121.82499,-307.47906,647.1563,121.53786,-307.5828,650.6107,121.21486,-307.71533,640.4834,121.71497,-262.63257,640.92786,121.44632,-262.5517,641.28577,121.15158,-262.56305,673.9738,128.09135,-343.52646,661.2637,128.36508,-140.82597,643.7991,150.93704,-289.7007,639.5344,150.52307,-231.1069,708.67523,213.14957,-416.28204,654.0214,217.35101,41.223553,739.3718,320.64786,-449.91644,673.0668,321.07025,131.67259,759.4718,419.31198,-427.8114,659.98926,398.16724,49.795994,774.1522,450.33456,-469.35693,665.66675,428.2081,40.969627,764.88354,454.7091,-483.62802,661.93207,429.199,-9.293671,757.26917,444.49457,-430.31125,666.1944,419.9749,23.961966,678.6403,418.3035,-138.48145,638.474,418.635,138.44289,686.88104,571.76575,-92.11443,637.76825,553.0332,330.49112,694.7583,715.90826,7.4379063,656.5777,679.31903,584.182,709.1856,742.6594,7.4637275,667.5602,699.8952,601.3791,643.0884,765.3059,-162.30566,589.5821,715.5421,519.692
30.jpg,611.35956,133.24028,-349.2258,621.57086,117.97038,-366.76523,624.78986,117.45616,-366.8783,628.44995,116.91271,-367.03027,618.00684,118.14905,-323.96506,618.2005,117.929184,-323.88556,618.32855,117.63159,-323.8668,649.72125,124.32595,-359.93704,635.387,123.89989,-167.14398,620.8076,147.4148,-340.45535,615.649,147.69969,-284.7552,686.11743,202.7562,-408.88345,633.6087,208.17274,63.18916,736.21204,299.7255,-465.26642,643.8711,294.0626,233.2413,784.8239,386.63928,-521.2411,633.9864,364.21085,211.37384,808.6144,411.7135,-568.58795,628.2296,386.64517,218.0733,802.7846,416.92792,-589.84906,625.0378,389.066,160.89189,792.5461,410.1974,-528.5019,628.7958,381.54175,184.90114,662.0948,412.84467,-149.35292,625.9542,411.6813,149.40529,676.49896,566.01917,-99.85895,635.0417,555.5215,342.76627,693.0346,715.0352,0.7523005,654.76984,678.1271,608.32434,709.3591,742.4316,0.8204698,668.38544,697.7066,625.4601,640.64716,767.41156,-177.09558,586.2188,711.4808,530.7776
4.jpg,624.8936,140.24402,-283.56488,633.0729,125.31681,-306.819,636.1269,124.82091,-306.91772,639.4817,124.14254,-307.04303,629.4243,126.05562,-263.9012,629.79047,125.98585,-263.8187,630.13586,125.908875,-263.81564,662.7597,128.18933,-329.23236,648.1338,129.71074,-134.98198,636.104,153.67757,-286.0541,630.7396,154.36488,-229.98071,702.604,212.62927,-387.52673,645.0782,214.19312,46.272648,730.17804,323.56644,-420.72177,652.10614,314.98117,138.53816,758.20935,420.56018,-402.25247,638.7948,389.98322,52.34572,772.8191,453.01556,-439.4535,631.1531,416.478,43.141594,764.89624,457.692,-458.01727,636.6142,416.8282,-7.174745,757.28314,446.56326,-406.70422,641.2754,407.79916,26.050789,677.2739,419.02173,-130.88127,633.6668,418.94934,130.86017,688.6667,576.336,-89.20687,637.1077,558.5044,300.36954,695.6578,716.90375,5.2496576,656.72784,681.7704,518.9811,709.20557,745.793,4.0245237,671.6424,700.81177,531.96094,645.2256,766.4741,-168.46877,592.6097,715.3245,441.13696
5.jpg,623.76843,141.87712,-268.45135,630.5172,125.79217,-291.46017,633.80853,124.98472,-291.5183,637.8497,124.14908,-291.5576,626.6608,126.839676,-246.65414,626.85004,126.87173,-246.62196,626.9687,126.88817,-246.67433,661.7342,127.992165,-324.78275,645.6725,130.78487,-121.57025,635.8219,156.64615,-276.96695,630.2485,157.52396,-218.11073,705.20825,214.00029,-412.0841,637.7356,225.77594,56.259705,699.4331,334.70828,-476.75162,628.29803,337.81427,139.29144,686.9485,438.5917,-484.10532,604.1596,420.9779,41.18486,688.5994,472.21585,-531.8311,592.3348,449.11246,33.575516,673.39606,471.26434,-540.3267,591.20056,449.64508,-19.056215,668.9665,459.15417,-484.97284,598.1918,442.12415,14.260424,690.4615,422.6017,-141.06367,642.8947,423.50613,140.99496,691.9331,573.0433,-138.29784,641.96796,557.6862,316.9826,694.75696,716.1975,-47.007023,652.6262,681.7714,546.3269,707.0108,739.191,-48.930553,664.8955,699.92554,561.6441,642.3832,762.9845,-218.81924,588.00287,718.4479,480.18256
6.jpg,621.46246,135.91904,-272.8345,629.94446,122.21798,-290.86105,633.07605,121.63827,-290.99185,636.7036,120.88699,-291.13245,626.3682,122.73755,-248.41182,626.57434,122.68543,-248.30927,626.7714,122.50837,-248.31514,659.2166,126.78596,-297.72583,644.5924,128.28622,-106.95506,631.7296,151.08916,-270.69324,626.85065,151.31763,-215.49149,702.2482,209.86848,-361.31506,640.9997,213.33482,85.65363,739.21716,310.52383,-405.00443,654.3806,305.85452,179.8668,771.41394,399.62006,-421.14746,641.76227,387.25876,85.54903,791.2135,425.164,-463.39832,638.8078,412.41696,77.44606,784.6908,429.8809,-483.5422,636.78204,414.10114,24.35143,774.54004,422.2809,-427.0005,641.411,405.00217,57.864067,673.4007,417.30103,-133.84616,633.2897,415.34128,133.85446,686.0421,570.99316,-94.39901,634.99335,559.30676,292.2443,693.86536,714.2626,0.09160714,654.3524,679.46094,519.6939,709.5187,739.511,-1.310826,668.5626,698.75287,533.4246,643.0745,764.12396,-168.95422,588.9961,714.4324,447.7055
7.jpg,614.9741,138.37613,-263.2111,624.03265,123.17563,-284.55695,627.43744,122.23104,-284.66425,631.20966,121.34939,-284.78427,620.12555,124.41043,-241.64519,620.5102,124.31471,-241.54378,620.8015,124.19784,-241.52997,652.66284,127.03651,-304.03223,637.96124,129.0518,-110.39557,628.47754,151.00725,-265.23502,622.14154,151.77774,-209.27449,697.81885,207.9772,-373.95175,640.5362,215.2529,72.17151,733.5461,312.97983,-418.09747,650.0266,313.6251,159.72736,759.1012,412.09863,-415.43018,642.5817,391.20554,71.57176,776.25006,442.55133,-456.90396,634.50323,415.69214,63.035275,766.7758,447.63525,-473.63034,639.74036,423.77646,11.9018,756.914,437.3847,-419.25888,644.25397,413.82388,44.971523,674.11475,417.19083,-133.17592,631.548,417.39615,133.15868,684.3943,571.4631,-92.27813,634.46735,558.326,304.84772,693.8718,714.1723,13.079288,656.9383,677.99347,530.5617,708.6968,743.05646,13.354001,671.9575,696.89087,544.52716,642.7466,764.4633,-153.18787,596.0434,716.088,459.47894
8.jpg,615.8232,137.47076,-257.15338,625.19226,122.80204,-278.29404,628.03784,122.336,-278.42438,631.15857,121.783066,-278.55737,622.1941,123.321175,-232.64574,622.84937,123.20386,-232.54242,623.34247,123.05379,-232.52496,652.9056,127.81155,-295.94446,640.6063,128.41803,-88.858955,627.4385,150.65623,-258.15582,622.37354,151.29808,-198.36327,695.5586,208.86403,-357.3458,641.96155,215.4611,106.62814,735.6304,311.79233,-417.10306,647.563,310.14792,224.29881,776.1247,398.4252,-457.71234,635.297,377.07553,135.31134,799.54333,421.54108,-503.41678,628.715,400.5211,127.91132,793.77045,425.09265,-523.72925,626.4485,401.04834,72.91871,784.0514,419.48172,-464.30637,630.4542,392.95096,106.92944,667.723,419.55673,-142.91814,626.90063,416.9588,142.9632,682.2967,570.9391,-98.29671,637.20233,555.2022,336.3233,693.7113,714.75806,-7.136555,658.31946,675.0474,584.56165,707.30444,740.791,-8.27779,673.9045,695.9746,600.8301,644.42303,761.4111,-184.24286,593.37494,715.24036,514.746
9.jpg,607.7262,136.9849,-271.08636,616.42126,121.91565,-293.403,619.43274,121.38711,-293.53754,622.76373,120.674446,-293.6841,612.4695,122.612526,-247.57637,612.71185,122.52152,-247.48172,612.95935,122.35146,-247.47401,646.50366,125.52897,-313.40912,631.88153,127.195625,-105.502815,620.23615,151.03784,-272.53128,614.3677,151.61104,-212.45363,689.27057,206.63048,-374.56433,634.2716,214.14893,90.541626,730.671,310.57828,-436.85214,638.4658,303.92432,200.38306,772.6626,394.3987,-474.83334,618.93524,376.15533,109.330086,793.53186,419.6558,-520.4998,609.661,398.65207,101.493454,788.5936,423.86966,-540.92004,606.9548,399.97104,45.439457,779.82245,417.42358,-481.79333,612.0934,392.39682,80.082016,658.69116,419.77444,-143.8569,620.50525,417.1731,143.87918,680.27045,576.88184,-86.60481,635.06134,557.99603,338.6605,693.61365,717.7653,11.927241,657.53973,677.09827,585.56665,706.9107,744.30756,11.747206,673.55786,698.6172,601.86084,644.64197,763.9318,-160.88678,594.80414,716.4516,516.16516
