10.jpg,590.6956,379.81012,-179.69623,597.7663,366.20636,-204.6721,600.2718,365.84222,-204.68503,603.08594,365.3835,-204.73434,595.9253,366.0229,-159.499,596.98975,365.63074,-159.48894,598.1109,365.14365,-159.43056,621.6512,368.44427,-264.17783,615.19403,367.83447,-58.62792,598.8225,392.8588,-199.99174,596.36304,392.06616,-140.13705,649.13446,422.97522,-362.16507,632.60944,420.605,56.740513,538.72876,410.01343,-485.18384,540.8728,410.1492,82.68822,432.85324,405.16327,-497.24542,438.5956,403.67172,-32.384735,401.5234,402.72708,-562.87256,413.9976,399.93866,-44.82882,398.2868,395.7444,-536.33295,411.2403,398.43585,-86.561005,408.355,397.02673,-490.79172,420.10788,400.30307,-57.016747,751.7615,579.56036,-136.17926,718.81067,567.37585,136.22649,628.11414,584.5672,-334.8078,596.42194,562.253,167.73717,685.5991,715.6287,-146.78876,653.86664,681.9867,310.24567,707.74176,735.41266,-128.62148,672.9082,703.8325,323.25055,644.33716,757.3409,-174.76813,605.431,717.55835,313.6795
11.jpg,598.4565,383.0182,-159.21872,599.5391,368.99002,-183.77557,601.1427,368.06018,-183.80727,602.9357,367.05682,-183.86313,599.66943,369.0559,-142.94597,601.37317,368.25464,-142.88823,603.2305,367.31842,-142.83694,621.10223,365.01047,-238.13387,619.9506,365.15472,-52.197765,608.52545,392.77325,-176.92815,608.8106,392.12302,-122.78579,656.01605,412.09195,-338.45923,646.92816,415.39725,66.756874,551.5946,399.93018,-455.28723,561.94653,400.71368,96.748535,450.33835,392.63535,-444.0047,462.69852,393.1372,-7.9619503,427.70346,393.77823,-499.89264,446.55234,389.45126,-24.097914,428.45175,390.04208,-479.59293,441.40717,389.4732,-60.64707,435.96008,389.08948,-439.44183,450.51633,389.55133,-30.911373,754.2698,569.65015,-133.99254,719.60913,555.04913,133.96783,640.09094,595.484,-243.35121,599.716,561.728,161.6767,692.46075,714.772,-59.506145,656.18726,686.6509,291.3593,711.38007,735.1312,-41.32103,677.0369,692.8755,302.19327,650.3204,757.5935,-84.70785,603.96857,716.1774,282.18405
12.jpg,585.37054,379.52383,-154.42442,588.9799,365.51074,-181.71866,590.9236,364.72946,-181.76921,593.03986,363.96362,-181.84286,587.6279,365.54968,-137.55324,588.49774,364.8643,-137.51674,589.4386,364.17288,-137.47934,614.7507,364.87878,-247.04599,609.9531,364.6417,-46.284393,595.5235,391.2971,-176.02693,593.81323,390.4849,-117.451706,644.6977,418.03247,-352.6362,645.6747,415.58966,79.405785,538.39355,412.8851,-473.14935,552.17,412.81506,117.16162,425.7296,414.0827,-463.12292,450.14655,412.16687,15.677912,397.09625,415.8004,-525.1368,433.4128,410.91183,2.3619812,395.08115,409.20105,-499.87976,442.05933,402.73602,-39.530727,404.7999,408.77197,-457.03745,427.08356,412.42615,-9.021909,746.23834,573.5859,-135.27621,716.57135,559.2958,135.31502,628.1793,586.5715,-243.5206,597.84735,563.3668,181.31409,686.02203,715.8426,-61.338276,656.3627,685.5845,339.86157,709.9321,739.8455,-43.263184,670.0095,703.6888,354.36517,644.8299,760.31793,-78.84037,601.6303,714.17834,346.83755
13.jpg,572.3144,402.03253,-212.94644,574.40356,386.39966,-241.67216,576.37463,384.97296,-241.69308,578.45013,383.3773,-241.77086,573.57837,386.64444,-197.0386,574.9006,385.4474,-197.11113,576.3559,384.04105,-197.10925,597.2147,379.49622,-309.08752,594.7619,379.67468,-105.19367,585.51056,409.59286,-233.80066,583.13025,410.02985,-174.45747,645.2797,413.4569,-407.7854,620.94836,412.62903,29.491154,546.9425,405.64975,-539.651,525.4271,401.94504,102.52481,430.81494,390.49396,-539.50574,425.1986,387.71384,-20.668144,399.82056,389.91248,-600.20776,395.4387,385.55396,-33.84622,397.50336,383.8049,-578.1714,392.4205,382.6514,-78.01204,408.40256,385.2197,-533.0807,403.42578,384.81082,-45.817513,755.37067,583.3913,-144.71846,720.2222,564.93536,144.7125,611.8126,579.49506,-269.64883,592.92395,563.0478,231.40236,688.2593,714.0672,-22.85437,660.08136,679.1529,408.83597,711.9707,738.22266,1.6210359,685.58014,697.2131,425.08423,640.9157,753.9918,-10.061373,602.4786,717.61285,437.47208
14.jpg,588.4312,393.46277,-127.24311,587.6189,381.18066,-151.81763,588.98486,380.09424,-151.83832,590.46704,378.9647,-151.87181,587.6715,380.96448,-111.648796,589.08093,379.78354,-111.59449,590.66766,378.48706,-111.55185,607.0793,373.35547,-210.53442,606.1406,373.56406,-27.671051,600.4597,401.22345,-146.56433,600.607,400.4036,-93.33709,651.80334,416.36127,-311.8797,646.2727,418.40674,87.31102,540.79333,407.7695,-421.24796,552.41644,408.17532,117.585625,445.34622,398.84818,-407.02573,459.44708,399.0156,17.51586,422.6321,400.62622,-458.5023,436.9837,397.19916,4.271595,422.65955,395.77017,-439.0539,434.63742,396.4426,-29.38018,429.88095,394.96265,-402.0343,443.07663,397.07953,-3.9647543,754.78253,573.2706,-130.46568,721.75934,558.99554,130.42448,644.2551,590.8618,-272.97565,600.01587,561.235,165.19234,693.1791,716.22174,-104.24888,654.97125,683.9167,291.69513,709.8681,734.7178,-87.29316,671.5523,702.39746,302.1158,648.7747,757.522,-127.31817,600.23114,716.3603,288.87735
15.jpg,587.24994,383.84692,-168.60173,591.4712,368.65482,-194.5462,593.41943,367.63403,-194.57062,595.486,366.5989,-194.63193,590.67487,368.66064,-150.80399,592.0509,367.71207,-150.80414,593.5652,366.66336,-150.76599,612.6035,367.00974,-257.01846,610.0572,366.34235,-58.804047,597.2489,394.28513,-189.91228,595.7458,394.25995,-132.12589,647.78766,419.20325,-359.26456,636.36084,415.94745,57.703415,536.7968,407.92953,-480.303,538.5985,406.9492,83.15157,430.40762,400.9556,-478.3664,436.67627,399.42227,-37.885475,399.38998,400.9831,-542.89355,408.25433,396.6604,-52.30957,397.67444,393.39377,-516.82385,404.48096,395.2912,-95.5788,407.30984,392.89767,-472.0047,414.75558,396.38837,-63.22978,753.0459,578.43726,-138.38872,725.03973,562.0046,138.431,617.26294,582.1948,-255.84245,598.8377,561.5133,190.60022,684.86945,715.81586,-48.419193,657.86487,682.1053,355.4137,707.05707,735.43933,-27.492476,677.62006,695.4026,370.83572,639.91547,756.5635,-47.154964,605.4398,717.085,368.13205
16.jpg,591.791,388.95267,-136.28903,595.4811,375.0997,-164.16113,597.30817,374.6308,-164.1918,599.2245,374.16174,-164.23984,594.3364,374.826,-118.37296,595.32544,374.21365,-118.31925,596.3687,373.57806,-118.26607,619.19867,376.21115,-235.2738,614.8869,375.2744,-27.796013,600.0424,401.05698,-160.53534,598.71796,399.86383,-100.11151,650.2213,429.5515,-349.96906,646.1697,424.9297,105.75862,544.10596,421.34375,-476.78436,566.2171,421.45367,192.44307,434.3605,419.9296,-461.09146,461.40253,419.02847,141.05981,404.6627,421.74094,-520.8249,479.24268,415.85513,141.11218,403.59747,417.61566,-493.5681,477.20496,416.8847,101.5055,413.26074,417.44684,-453.0025,456.0554,417.51443,119.42576,752.68945,585.99475,-145.20938,722.3856,569.71857,145.2775,621.33136,581.1832,-303.8291,597.0982,561.8568,200.77325,683.5897,714.735,-114.782074,654.90204,682.28735,354.94913,706.6387,734.0883,-95.419464,674.877,703.72577,368.91315,644.1057,758.3155,-130.41512,603.8359,717.0764,362.9572
17.jpg,595.58484,362.38998,-90.29739,605.43506,348.8714,-117.86043,607.70624,348.9703,-117.91634,610.0353,349.1326,-117.94175,604.2848,348.54163,-69.432335,605.62213,348.3801,-69.41516,606.92993,348.15073,-69.36484,628.65967,357.40695,-190.23825,623.1401,354.4799,28.484629,602.2087,378.5686,-115.42643,600.5487,378.01907,-51.9449,647.9326,414.32227,-314.21887,638.01874,412.50446,160.44492,532.8461,408.55368,-438.14685,539.4653,406.8671,217.9783,431.38,396.01263,-421.45874,442.95294,393.52853,101.901955,399.4648,399.3042,-480.7676,410.33273,392.9608,99.8916,396.70868,392.87003,-452.73157,402.6172,391.1942,53.210793,407.27948,391.90875,-412.6041,413.94968,392.49774,75.985374,750.85266,588.644,-150.10707,725.1671,571.63916,150.16086,607.93463,583.8983,-271.63446,595.405,564.8021,256.5021,686.1424,714.544,-93.74968,657.2351,677.9201,334.4217,710.03314,740.24286,-75.15679,673.3573,688.90247,340.17743,637.5958,756.2754,-86.057915,595.0817,715.25464,351.32623
18.jpg,590.36865,366.79306,-168.42665,596.098,351.86383,-197.41061,598.4612,351.40613,-197.42561,601.0261,350.87735,-197.43912,594.4709,351.1505,-150.3563,595.5158,350.33344,-150.38342,596.68396,349.39328,-150.36745,622.876,354.13162,-265.42545,617.32263,352.30164,-51.93805,600.78186,380.54126,-190.70142,598.01434,379.10287,-128.60362,651.0528,409.10425,-374.77432,634.95874,404.60486,85.12144,539.9354,403.30777,-496.9465,541.61237,401.06808,135.7247,431.50946,397.61612,-493.26917,437.20386,394.12344,19.696163,402.33276,398.84897,-558.0203,408.4284,393.10162,11.921388,400.75766,391.16855,-531.1093,404.82855,389.0043,-36.33424,411.15732,390.94684,-485.8492,414.98416,390.0172,-6.7672443,751.0037,580.72375,-151.55583,722.8361,561.1506,151.56487,610.78723,588.5668,-230.63187,593.3505,564.3334,252.2909,684.7211,717.4083,-47.189457,656.9219,679.6967,402.9434,707.69714,739.7676,-29.043076,680.3023,700.46857,416.76794,637.7004,756.6049,-53.483093,599.2118,714.45874,424.38596
19.jpg,583.6353,401.45053,-196.02274,584.58936,386.724,-220.9688,586.34607,385.17526,-220.96487,588.2023,383.43408,-221.0151,583.4595,386.6527,-180.75597,584.3823,385.19913,-180.77171,585.3525,383.5619,-180.76549,606.2931,378.7899,-276.28806,603.0514,379.11325,-93.279,596.3924,410.3799,-213.59883,593.83014,410.17215,-160.31282,660.9816,416.12323,-366.1742,629.44214,414.43512,17.796404,558.83954,404.80038,-488.6126,535.5296,402.22284,57.308178,447.5757,393.30563,-482.3569,438.32974,391.51212,-62.220936,417.53143,392.8123,-536.3865,407.29422,389.1299,-81.59501,415.70462,386.9638,-516.30255,404.1173,388.01456,-118.6885,425.3327,387.3206,-476.98273,414.27063,388.9253,-85.46408,758.90045,577.84485,-128.11517,721.5398,562.8781,128.06465,629.9374,589.5257,-300.74277,597.0278,562.51105,159.36101,687.50964,716.281,-82.54162,656.8513,682.3799,298.68314,710.431,735.57007,-59.98212,673.7036,703.7113,311.3,643.4952,756.13104,-86.253296,604.21924,716.22186,301.7214
2.jpg,581.66473,373.083,-142.7378,584.95764,358.37268,-169.07976,586.6711,357.39865,-169.09618,588.47186,356.34277,-169.12294,584.7388,358.40112,-126.635826,586.2441,357.5903,-126.67707,587.8061,356.63367,-126.66888,606.61206,356.77298,-235.18044,605.0509,355.63748,-43.303493,591.5992,384.2747,-164.637,591.47675,383.6926,-108.848366,638.2457,405.11356,-336.14688,635.0798,396.61215,76.98512,536.0405,395.99084,-440.50366,542.38196,390.85706,123.70584,431.29163,389.7002,-416.97195,435.49335,387.12268,4.9429502,401.74637,386.06326,-472.77792,406.5819,379.34402,-8.081032,399.48807,378.3004,-450.95718,401.38544,377.04056,-48.99609,409.5602,381.75238,-410.6368,411.689,381.69962,-18.774101,753.0085,571.65356,-139.06224,728.6236,550.14575,139.04984,619.6732,587.4457,-168.72087,603.28754,563.0822,221.05147,683.9283,711.3397,15.193431,662.26324,677.5273,373.191,710.15686,735.4222,32.69765,683.53217,695.1726,387.1219,634.68567,755.8217,16.553217,599.8922,716.26935,398.00757
20.jpg,600.54877,378.0808,-198.71025,605.8801,365.23557,-222.45444,607.8821,365.31314,-222.47516,610.146,365.38416,-222.54124,604.76636,364.87234,-180.75894,605.8499,364.66028,-180.72221,607.0336,364.35928,-180.66776,630.6599,371.1635,-274.12885,626.4708,368.77383,-83.89755,607.9909,392.78738,-215.62138,606.2372,391.39233,-160.17319,658.98706,429.1978,-367.49292,642.7755,425.43845,31.028627,547.1134,414.547,-486.0987,548.1572,411.6714,50.009747,443.21722,401.99918,-492.10056,450.83026,402.3149,-52.16898,414.50336,400.84613,-554.27936,422.6456,398.5715,-69.748886,414.6166,396.3386,-532.4931,418.07965,398.20435,-107.96029,424.05618,396.38742,-487.8537,429.94098,399.63736,-75.877014,750.5258,582.2077,-129.3882,715.8045,568.2855,129.36264,637.51935,585.2794,-285.24658,598.0555,562.66785,174.07542,690.5726,720.0726,-107.29464,653.1223,684.4183,327.90936,708.3102,737.2516,-90.10243,672.7574,704.65063,341.64493,644.81665,756.473,-139.76523,602.2622,713.645,328.1563
21.jpg,578.66705,395.5611,-159.2981,580.41626,381.56213,-188.1443,582.0691,379.91074,-188.18706,583.7677,378.2019,-188.26622,579.46735,381.79395,-144.01466,580.4695,380.34393,-144.01599,581.5277,378.75952,-144.01337,601.32086,374.12643,-259.29587,598.84875,374.0395,-58.730495,592.46344,404.1707,-182.44182,590.79846,404.57812,-124.04864,650.20374,416.15857,-360.72305,635.7607,410.3508,69.563354,545.3163,408.50757,-470.4176,545.6857,405.4792,130.38487,434.94373,402.48312,-442.9491,442.76282,400.44327,21.494026,404.27954,406.65134,-499.31586,413.30118,403.44275,8.750537,400.47275,399.7783,-478.27023,407.70184,401.25583,-32.667435,410.1913,398.19037,-436.63593,417.11227,400.75934,-2.4117656,755.70514,578.012,-142.16005,725.92194,558.80585,142.22536,618.24316,588.8932,-257.36407,597.67584,567.0483,231.02536,683.81134,716.3156,-32.835518,656.6158,679.77386,410.86206,708.9897,735.3955,-9.191045,676.21454,700.9673,428.03955,642.3329,755.03796,-18.826534,606.795,714.33734,436.8536
22.jpg,582.8428,391.9886,-74.19018,587.6511,377.00412,-99.336,590.1844,375.74225,-99.36383,592.9353,374.33704,-99.37357,586.89124,377.26004,-56.44317,588.6249,376.3614,-56.463135,590.51416,375.26776,-56.45152,613.1077,372.8471,-168.06934,609.57104,372.94916,26.072796,594.73175,401.6585,-98.128006,593.10345,401.49435,-41.772484,649.826,412.21472,-290.502,637.52356,412.87784,148.47173,542.0982,400.76053,-421.70844,538.4197,399.86636,212.23615,438.0023,394.11493,-400.73434,440.8786,392.2698,93.70816,410.21167,394.85532,-450.33087,412.42242,392.57227,89.70634,407.78488,387.6225,-425.26657,408.85703,390.10522,47.16929,416.0909,387.8961,-391.9079,419.53824,390.4299,69.377426,750.4117,590.11383,-141.18149,725.7999,573.9246,141.1056,604.81604,578.3859,-233.71083,594.5906,563.97797,221.02342,685.16705,713.08765,-80.78906,662.8861,681.0468,283.95163,708.9194,736.6605,-66.36354,684.26025,701.86597,287.06787,633.49725,748.7597,-78.64649,606.4813,718.54865,291.65564
23.jpg,570.7583,403.4069,-104.52486,572.2138,389.51572,-131.13162,573.9601,388.27045,-131.13857,575.87213,386.90533,-131.16699,571.96515,389.69342,-88.50671,573.3921,388.72067,-88.52154,574.96075,387.58374,-88.50348,595.827,383.80197,-199.57982,593.88446,383.29178,-5.5905204,582.72656,412.6332,-127.785194,582.2554,412.4254,-71.5333,635.7447,421.78052,-313.5646,623.8983,419.48114,115.52582,531.94507,413.73737,-432.4566,530.1526,412.23193,176.418,430.6745,404.6452,-401.72568,433.5907,404.81445,57.046238,404.6326,402.98358,-450.33514,408.05368,401.47156,47.262104,402.8018,396.59818,-425.98492,405.16357,399.34805,9.049005,411.24472,398.2553,-393.21204,414.98047,401.37088,34.10592,745.4191,588.4236,-141.37068,718.6473,570.8276,141.29233,602.8038,579.9131,-208.16911,592.1535,564.8123,211.58662,685.6519,716.3759,-51.957577,659.3387,683.31036,313.0651,710.61584,736.87744,-36.56126,684.87915,698.92737,320.32,639.5494,759.09296,-50.270668,608.7774,723.0226,319.65976
24.jpg,584.51184,390.984,-177.79556,587.96533,375.52957,-206.81178,590.37915,374.02817,-206.81363,592.9211,372.36758,-206.8426,586.8212,375.86115,-160.68095,588.24854,374.7437,-160.71451,589.7576,373.4019,-160.68651,612.9923,368.5702,-274.84256,608.9281,368.37473,-64.70149,597.6272,399.03802,-199.47719,595.413,399.504,-138.48,658.06226,410.1741,-385.55365,632.12946,406.78012,77.55855,552.11053,397.42657,-521.7485,540.23083,394.42865,152.7158,447.21652,383.18234,-507.04416,444.04572,377.48224,32.062466,418.71298,378.54358,-563.8909,419.50757,372.53723,22.628227,417.555,372.36853,-539.4765,416.50067,370.77496,-22.130816,426.84973,374.42963,-498.96902,425.06476,373.24155,6.5058126,752.2828,589.25726,-151.23938,719.91547,568.4482,151.18658,611.32263,585.1574,-253.6045,591.4718,565.142,240.54645,683.4991,717.31885,-37.88609,652.04395,676.9579,383.78806,706.994,740.3931,-15.965821,678.84296,695.95087,396.2917,637.1208,757.626,-31.216938,594.88025,716.13293,404.02734
25.jpg,585.0785,384.4828,-154.88629,588.0592,369.13455,-183.47368,590.23645,368.16583,-183.5216,592.7529,367.05252,-183.59926,586.72375,369.25983,-137.59215,587.7889,368.56708,-137.55368,589.00867,367.70435,-137.51808,613.16754,366.14865,-254.97615,609.50574,365.10815,-46.057205,596.85535,395.74353,-178.58154,594.5799,395.27786,-117.76073,651.27075,416.52997,-369.6279,640.625,413.1716,86.957726,544.2971,410.2435,-500.60727,551.9373,409.61096,135.566,433.02698,406.40002,-488.633,451.28403,404.3192,26.682158,402.55286,407.43115,-551.78503,429.6736,402.2183,16.826479,400.3553,400.73343,-525.6491,438.79965,387.16074,-26.984978,411.23984,401.29578,-481.73456,432.94855,402.95447,1.3867115,749.349,580.32983,-147.2344,720.7727,563.52484,147.29485,610.8281,585.28253,-252.83778,595.01666,563.5419,226.58228,686.2433,715.2862,-28.734982,653.7677,680.1327,402.49268,707.31586,733.85504,-5.5909357,672.63684,702.0743,418.7207,641.5483,753.01874,-20.491274,600.5771,715.0763,420.41495
26.jpg,583.2262,407.61618,-151.7594,583.4,393.85098,-180.48312,584.7821,392.24622,-180.49686,586.1243,390.5343,-180.54233,583.3176,393.915,-136.69756,584.71954,392.48096,-136.70795,586.1906,390.92844,-136.68893,603.55896,385.53995,-249.49913,602.5274,385.1595,-50.72394,595.41223,413.2797,-173.94221,595.79175,413.34723,-116.142105,649.56024,426.2042,-354.316,640.36743,419.75284,79.18361,534.0328,418.13028,-473.15112,547.03784,417.37695,133.53195,429.63892,407.21768,-458.66614,452.65128,407.47772,18.531904,399.50067,402.99133,-516.36835,427.8454,400.27634,8.614821,398.71646,396.23166,-491.7633,418.96042,398.9168,-34.378975,408.48795,398.00116,-451.27817,427.9844,402.12027,-5.846145,751.6028,593.56683,-140.2968,727.7931,572.5101,140.28307,607.8617,581.87573,-245.87468,596.661,562.4887,207.11,684.44226,714.08795,-35.044994,656.6661,678.90485,356.18622,707.5813,738.20905,-12.824802,680.4164,703.3892,370.14105,639.8737,757.9284,-19.89814,599.3434,714.2675,378.05475
27.jpg,578.7684,408.789,-229.14087,577.3572,394.9378,-256.10556,579.03796,393.1065,-256.11874,580.681,391.07843,-256.21954,575.9,395.14206,-214.3492,576.76105,393.5103,-214.33061,577.7417,391.68307,-214.3002,597.71985,382.83255,-317.38712,595.02783,383.4616,-126.59996,592.2867,414.1394,-247.74991,590.23755,414.13318,-192.24004,657.4563,418.7296,-401.75696,629.5861,412.54263,-15.017195,549.9489,406.82706,-526.096,536.5142,404.41882,13.609214,435.93655,394.03348,-526.70795,434.97205,391.72626,-104.26971,406.28134,388.53735,-588.968,406.6591,383.72906,-126.50931,405.3096,378.5112,-570.89764,404.99014,381.2533,-163.67227,414.54602,381.40317,-523.33026,414.41965,384.65182,-127.31664,753.0492,575.59564,-129.9114,716.2512,559.46826,129.93474,629.0925,598.2021,-311.33725,593.7168,565.55865,157.40689,684.89465,712.4739,-24.184526,654.2115,681.38855,342.56195,707.66797,730.08154,6.997823,675.0576,703.85535,361.0044,645.51605,757.6801,0.20409869,600.3457,715.9415,356.83597
28.jpg,581.8233,408.0671,-191.60092,581.66504,393.88174,-221.05238,583.2894,392.30392,-221.05608,585.0576,390.5292,-221.11948,581.4047,393.9027,-176.62788,582.7454,392.50925,-176.64644,584.1577,390.93353,-176.6213,603.6445,383.88626,-289.59848,602.16046,383.76462,-86.74324,594.82904,413.85294,-213.10503,593.48517,413.51724,-154.11418,653.0005,421.70605,-392.57883,635.4864,416.45715,45.605194,550.0203,412.4793,-524.9686,540.6076,407.28882,104.9441,440.65335,401.95343,-514.1424,441.43494,399.2433,-14.451446,413.46603,398.2138,-574.3773,413.20676,393.9076,-28.771101,412.3503,392.15244,-549.95105,410.1519,391.81424,-72.91834,421.06842,393.80685,-507.15842,419.45926,393.79614,-39.937504,748.1617,590.00366,-145.27293,722.03564,568.30927,145.2494,605.0548,590.48303,-227.06432,593.1821,564.52673,218.38832,684.0764,714.08264,9.306349,655.46246,678.7448,397.4734,707.80566,736.2644,34.428402,679.7582,700.85364,414.03046,642.901,757.1167,34.625706,598.39246,714.43085,421.48035
29.jpg,584.8783,379.34116,-120.309235,591.7288,364.8884,-148.06871,594.14813,364.4685,-148.08578,596.834,364.01926,-148.09357,590.1586,364.4811,-102.37756,591.125,363.8915,-102.40589,592.1535,363.28918,-102.378296,618.6101,367.4187,-213.44328,611.6427,366.68137,-6.688155,593.9975,393.0415,-142.17865,591.9012,391.73883,-82.0757,643.6242,421.50427,-326.6535,631.07715,420.30566,125.665474,531.6818,418.90573,-442.39413,538.0225,419.58572,169.74701,423.36926,414.38647,-429.21112,430.00693,413.2827,58.144226,396.3148,416.4414,-489.414,403.48798,412.89725,53.740257,394.58636,408.07144,-460.57812,400.15707,408.59003,7.103647,403.65128,407.7786,-420.72577,409.47458,409.75897,32.53934,744.77203,592.8373,-147.40118,720.47034,572.91205,147.40782,602.4583,585.7031,-207.78607,593.1576,566.1343,229.68073,682.02405,715.35394,-25.929762,656.1642,679.64575,361.69742,704.48364,739.17535,-7.6292186,682.07166,703.50604,373.7479,635.2393,756.994,-23.270443,599.5177,716.5158,379.6105
3.jpg,586.1991,406.6923,-142.17549,586.79236,394.36038,-167.95049,588.3703,393.2829,-167.95715,589.99365,392.20715,-168.02356,585.8403,394.63812,-128.00313,586.8372,393.7254,-127.95469,587.8827,392.7666,-127.925354,609.3309,388.97217,-229.08469,607.56903,389.22943,-46.2978,596.976,416.37668,-162.14326,595.60236,415.87012,-108.87506,654.32983,429.41742,-325.13724,640.4413,432.76703,65.083336,547.5109,413.29947,-439.48633,553.23755,414.42966,97.859634,447.98465,399.92853,-425.99377,460.29462,401.2362,1.5289495,424.8393,402.61044,-479.73703,439.25327,400.31583,-13.996972,423.88278,399.44205,-461.54138,436.7583,399.49176,-48.59542,432.08365,398.28244,-422.35696,444.9914,399.78662,-20.19803,749.0472,582.30255,-128.92654,719.8869,567.7381,128.78603,631.88324,586.06335,-256.6564,602.6688,559.8287,154.6385,687.18726,717.81555,-97.35521,651.46375,683.07965,282.26294,709.63696,740.0839,-79.93617,666.5166,702.78015,293.1852,647.9772,765.0038,-107.02365,594.9145,712.14655,286.26978
30.jpg,585.2826,414.10632,-156.27342,582.9179,401.29608,-182.5177,583.9776,399.91965,-182.5351,585.02106,398.3977,-182.605,582.60315,401.2132,-142.72908,583.5757,399.68365,-142.6732,584.6601,397.96747,-142.63663,601.3226,390.6084,-243.62221,599.97546,391.21756,-61.25217,596.3952,419.77185,-175.38745,595.8052,419.71213,-122.26126,656.0073,418.5365,-339.8677,642.45605,418.8861,53.551903,553.33594,413.46436,-455.94577,554.2245,413.66086,80.56262,447.13727,406.69153,-453.06448,457.94177,409.23044,-13.909093,424.43265,407.80963,-508.6111,434.25784,407.026,-29.469233,424.4127,404.17978,-490.3339,433.5809,405.91568,-64.28731,431.61557,403.28873,-449.4637,442.40793,406.80682,-35.71916,749.89844,573.7851,-131.99413,719.0016,560.5084,131.934,630.18225,592.12164,-243.93079,598.5223,561.49646,157.28625,689.76917,715.30365,-79.0861,651.51996,684.44196,287.74557,710.9031,737.10815,-61.216614,670.9043,704.20026,298.92902,649.3141,758.2777,-85.78816,596.43884,713.7626,288.56375
4.jpg,593.2797,391.2204,-145.55902,596.43933,378.7854,-168.3662,597.93536,378.13037,-168.38591,599.5807,377.48773,-168.42424,596.1358,378.77545,-127.17657,597.3214,378.15207,-127.13329,598.56104,377.49792,-127.08004,618.99615,378.36496,-224.05035,615.57416,378.35153,-36.316006,602.36456,402.34912,-164.93918,601.33563,400.7825,-110.23959,646.5909,426.30707,-325.71115,645.6539,425.53262,75.64721,539.37463,409.79944,-439.53552,551.51794,410.9007,100.66867,441.73474,398.58484,-433.88208,457.51654,398.75687,-8.269036,416.91278,398.59927,-489.70486,437.57434,395.8461,-22.86167,416.96204,394.53436,-467.6632,434.14783,394.82495,-58.40238,424.65784,394.41876,-428.44516,440.42184,396.45227,-30.841547,753.2778,582.4476,-132.26071,721.9735,567.5916,132.26593,642.70404,587.5629,-291.01236,603.0017,564.66486,171.80663,693.56616,721.51416,-138.18216,654.47046,687.6787,303.32306,711.22046,739.6466,-124.272484,673.3245,707.4012,314.1293,647.9405,758.85034,-181.73465,602.5499,718.9675,298.69833
5.jpg,602.0124,390.22913,-160.73148,605.313,376.09323,-188.15012,607.3636,374.88052,-188.1492,609.5759,373.5837,-188.15283,604.7205,376.29993,-143.60138,606.3216,375.35364,-143.59834,608.0677,374.29425,-143.57507,630.31177,371.18616,-253.10364,627.74426,371.05118,-51.087624,613.07086,399.84073,-182.16277,612.2831,399.79846,-123.405334,663.3346,417.70593,-363.75735,651.97797,413.35596,80.553535,554.7982,405.35223,-492.40042,557.4986,404.5072,122.58063,447.61185,394.77472,-485.9877,456.17294,394.01807,5.697731,417.1132,395.5963,-543.9105,428.07126,390.82565,-2.7954798,415.22318,389.63043,-518.58734,424.27756,389.05334,-46.36323,426.21298,389.78268,-478.4265,434.30615,390.64798,-19.345291,754.2809,591.81885,-144.3232,726.8676,573.22345,144.2672,620.25055,580.9835,-320.51935,600.67096,560.9254,198.93712,686.891,720.5149,-143.87004,655.1394,680.427,317.9659,705.17725,741.9865,-126.523636,675.2411,703.29913,327.79318,638.5051,755.18713,-168.35616,597.64886,710.0183,322.6401
6.jpg,581.8837,396.43286,-152.64388,582.22974,382.4076,-178.31976,583.99445,381.69125,-178.3571,585.9028,380.83514,-178.4366,581.33276,382.42233,-137.36102,582.4477,381.82303,-137.311,583.67645,380.9972,-137.26512,607.05383,379.07465,-238.54597,605.14276,378.62357,-51.84609,591.98303,407.29425,-172.67154,591.003,406.67972,-118.218346,650.0533,427.94833,-337.428,637.8274,428.76,62.083023,539.0756,417.4949,-453.6572,547.52985,416.96658,93.70661,440.79312,407.87103,-441.4969,452.467,407.3482,-6.8883386,417.2074,410.75763,-497.99854,432.12845,406.79507,-23.720428,416.99927,407.1937,-478.47458,427.54694,406.7298,-60.234352,424.3607,405.8385,-437.4095,436.8056,406.20108,-29.594942,745.4908,581.65137,-129.94453,714.08673,567.07434,129.89609,623.74347,592.67316,-231.64685,593.38556,566.5641,164.30435,688.8781,717.0123,-52.60572,652.9487,686.7847,292.2313,707.94434,734.717,-33.447304,670.60236,703.77875,303.64725,647.4797,758.7455,-56.04342,605.2697,717.8605,295.19827
7.jpg,602.4349,363.0433,-91.39177,609.2654,348.69504,-117.21515,611.19214,348.1431,-117.25,613.2241,347.50723,-117.25344,608.69495,348.72195,-72.75829,610.09204,348.2061,-72.73226,611.53973,347.57404,-72.702324,631.00806,352.17456,-183.24219,628.54785,351.4798,17.42853,609.60004,375.61688,-114.19671,608.6679,374.72034,-55.93336,645.7939,406.10724,-299.2851,652.293,409.49258,142.3293,546.1486,395.19388,-413.50723,560.236,397.89233,183.68616,441.46518,381.7081,-398.07733,459.74304,384.08325,67.150505,412.41666,381.7508,-454.5315,440.471,379.01288,60.7276,411.31342,374.94525,-429.4562,429.49734,377.87628,18.514233,421.33337,375.28506,-390.65674,438.12247,379.66013,42.803787,755.8412,575.6791,-140.77917,730.97577,562.3103,140.81122,622.96893,581.8811,-240.30467,605.58374,560.7032,210.44536,686.88306,716.4761,-93.91968,654.77576,684.34503,312.5436,708.61444,736.27515,-80.20887,671.0063,706.8715,320.6561,643.5245,752.9049,-120.77432,601.7452,717.6289,313.3251
8.jpg,588.4553,369.98624,-189.09508,594.7358,356.55658,-214.64175,597.27704,355.8511,-214.67078,600.0529,355.07642,-214.74156,592.5765,356.80933,-169.97076,593.4579,356.41415,-169.95224,594.3716,355.90518,-169.90916,619.5165,356.51642,-275.49164,612.4202,356.68375,-71.80705,596.9377,382.05862,-209.2817,594.04236,381.46082,-149.91139,649.6585,407.6018,-376.97354,635.32336,409.31525,50.557396,541.3197,399.93985,-506.77612,543.13855,400.23502,82.89737,435.89926,394.39056,-514.03143,441.27423,392.56613,-29.58304,403.83533,394.62292,-580.44867,411.83768,389.76874,-41.25853,402.97702,389.30905,-552.09344,410.71817,389.6441,-84.906784,413.49078,389.55923,-507.00458,420.16705,391.2323,-55.02992,755.9108,567.2321,-139.8144,724.0819,554.66455,139.87766,633.5129,583.4208,-282.18085,603.1987,561.428,197.16261,691.93823,719.6482,-105.07674,659.6031,685.76324,378.00955,708.65076,735.9582,-88.75954,678.46075,706.88184,394.97668,647.33594,756.15533,-137.74432,607.79,717.1861,388.00085
9.jpg,586.9636,389.83212,-150.34312,590.5939,375.6034,-174.52235,592.4071,375.1542,-174.55698,594.39087,374.63586,-174.61897,589.9549,375.33295,-132.81781,591.24225,374.65118,-132.76483,592.66327,373.80597,-132.69916,614.84296,375.96924,-231.98978,612.7812,374.3856,-41.885044,595.8267,400.913,-170.05951,594.5585,400.11572,-114.6165,647.35364,426.50623,-332.39438,639.82104,425.84467,70.897705,536.8039,418.5403,-451.95898,548.4306,417.04355,96.24892,434.75656,414.29947,-447.52567,454.8852,413.33228,-5.2750607,406.8041,414.38852,-506.71857,432.77246,410.59933,-20.489223,406.44778,411.03784,-483.0752,434.09702,395.49802,-58.50875,415.9376,410.39667,-442.17236,438.05322,403.71027,-28.610037,749.72296,578.85004,-131.8836,718.54865,563.5957,131.84976,633.0899,584.7074,-275.71634,598.9476,560.7384,170.83691,692.1676,717.4745,-112.65804,655.70276,686.94867,304.76852,709.8598,736.17883,-96.2584,677.22485,692.8012,316.53995,649.36395,757.8652,-138.7555,604.42816,718.9834,303.4088
